word,predicted,gold
Решения,ADP,NOUN
иных,NOUN,ADJ
гражданским,NOUN,ADJ
также,CCONJ,PART
15,NUM,ADJ
1503,PUNCT,ADJ
отошёл,PUNCT,VERB
Борисоглебский,NOUN,ADJ
Устье,NOUN,PROPN
постаревшего,NOUN,VERB
превратившегося,NOUN,VERB
дряхлого,NOUN,ADJ
отстраняют,PUNCT,VERB
дельцы,PUNCT,NOUN
щитовой,PUNCT,ADJ
вспоминая,PUNCT,VERB
сообщая,NOUN,VERB
зрителю,PUNCT,NOUN
том,DET,PRON
инопланетяне,ADP,NOUN
поднявшие,PUNCT,VERB
далёкой,NOUN,ADJ
Зейст,PUNCT,PROPN
жестокий,ADP,ADJ
Катана,PUNCT,PROPN
переднюю,ADP,ADJ
24-сильный,PUNCT,ADJ
4-х,PUNCT,ADJ
цилиндровый,PUNCT,ADJ
располагался,PUNCT,VERB
передней,NOUN,ADJ
авто,PUNCT,NOUN
позади,PUNCT,ADP
радиатора,PUNCT,NOUN
Фэроу,NOUN,PROPN
развивал,PUNCT,VERB
миссионерства,PUNCT,NOUN
полагая,PUNCT,VERB
это,PRON,PART
проповедь,VERB,NOUN
фреску,PUNCT,NOUN
огородили,PUNCT,VERB
взимая,PUNCT,VERB
символическую,VERB,ADJ
плату,ADP,NOUN
Автомобиль,PUNCT,NOUN
N16,PUNCT,NUM
Pulsar,PUNCT,X
Двинско-Печорскому,NOUN,ADJ
Печора,PUNCT,PROPN
Шердино,PUNCT,PROPN
Бассейны,PUNCT,NOUN
Печоры,PUNCT,PROPN
Усы,PUNCT,PROPN
народному,ADP,ADJ
бессменным,VERB,ADJ
387,PUNCT,NUM
968,NOUN,NUM
Демьянка,PUNCT,PROPN
7,NUM,ADJ
90:95,ADP,NUM
Брайант,PUNCT,PROPN
5,NUM,ADJ
опередив,PUNCT,VERB
Шакила,PUNCT,PROPN
О,ADP,PART
Поэтому,SCONJ,ADV
цепочки,ADP,NOUN
корневой,PUNCT,ADJ
сертификации,PUNCT,NOUN
подписывает,PUNCT,VERB
Бобылев,PUNCT,PROPN
Российского,PUNCT,ADJ
парапланерных,NOUN,ADJ
Коране,NOUN,PROPN
утверждается,PUNCT,VERB
Анбия,PUNCT,PROPN
34,PUNCT,NUM
вкусит,PUNCT,VERB
Анбия,PUNCT,PROPN
Аллах,NOUN,PROPN
коль,PUNCT,SCONJ
определенный,ADJ,VERB
Борна,PUNCT,PROPN
Фариа,PUNCT,PROPN
Трахана,NOUN,PROPN
заработных,NOUN,ADJ
платы,PUNCT,NOUN
топ-менеджера,PUNCT,NOUN
денежном,NOUN,ADJ
"12,7",PUNCT,NUM
млн.,PUNCT,NOUN
долл.,PUNCT,NOUN
крестьянских,PUNCT,ADJ
Посетители,PUNCT,NOUN
живописных,VERB,ADJ
Положительные,PUNCT,ADJ
комментаторов,PUNCT,NOUN
решающую,ADP,ADJ
стремительном,NOUN,ADJ
карьерном,PUNCT,ADJ
взлёте,PUNCT,NOUN
Ликсутова,PUNCT,PROPN
продержался,PUNCT,VERB
транслировался,NOUN,VERB
каналом,PUNCT,NOUN
Sat.,PUNCT,X
Банки,PUNCT,NOUN
векселя,PUNCT,NOUN
содержащие,PUNCT,VERB
солидных,PUNCT,ADJ
платёжеспособность,PUNCT,NOUN
сомнений,ADP,NOUN
так,SCONJ,ADV
первоклассные,ADP,ADJ
Позиция,PUNCT,NOUN
инославия,PUNCT,NOUN
сформулирована,PUNCT,VERB
Русской,PUNCT,ADJ
Православной,PUNCT,ADJ
Церкви,PUNCT,NOUN
принятом,PUNCT,VERB
Архиерейском,NOUN,ADJ
Соборе,PUNCT,NOUN
Манжара,PUNCT,PROPN
райкома,PUNCT,NOUN
профсоюза,PUNCT,NOUN
железнодорожников,PUNCT,NOUN
Ташкенте,NOUN,PROPN
ТурЦИКа,PUNCT,PROPN
Коммунистической,PUNCT,ADJ
Туркестана,PUNCT,PROPN
Ташгорисполкома,PUNCT,PROPN
Каждому,PUNCT,DET
анкеты,PUNCT,NOUN
DocDoc,PUNCT,X
присваивается,PUNCT,VERB
рейтинг,PUNCT,NOUN
профессиональной,PUNCT,ADJ
Элитные,PUNCT,ADJ
обычных,PUNCT,ADJ
Кёнигслуттер,PUNCT,PROPN
график,PUNCT,NOUN
как,SCONJ,ADP
абстракционизм,PUNCT,NOUN
конкретное,NOUN,ADJ
искусство,PUNCT,NOUN
Борьба,PUNCT,NOUN
Латинской,PUNCT,ADJ
Отсюда,PUNCT,ADV
Slave,PUNCT,X
сольных,NOUN,ADJ
хитов,PUNCT,NOUN
Ферри,PUNCT,PROPN
Заканчиваются,PUNCT,VERB
постганглионарные,PUNCT,ADJ
нервные,PUNCT,ADJ
волокна,PUNCT,NOUN
железа́х,PUNCT,NOUN
соответствующими,PUNCT,ADJ
концевыми,PUNCT,ADJ
нервными,PUNCT,ADJ
аппаратами,PUNCT,NOUN
домашней,PUNCT,ADJ
жестокости,PUNCT,NOUN
Ветряные,VERB,ADJ
упомянуты,PUNCT,VERB
Информация,PUNCT,NOUN
подтверждена,PUNCT,VERB
Allmusic,NOUN,X
занимались,PUNCT,VERB
земледелием,PUNCT,NOUN
скотоводстом,PUNCT,NOUN
Дипломной,PUNCT,ADJ
вокальная,ADP,ADJ
Разговор,PUNCT,NOUN
Салаватом,NOUN,PROPN
башкирском,NOUN,ADJ
Сударушкина,PUNCT,PROPN
биографические,ADP,ADJ
краеведе,PUNCT,NOUN
поэте,PUNCT,NOUN
Михаиле,PUNCT,PROPN
Сударушкине,PUNCT,PROPN
1977-2001,PUNCT,ADJ
литературоведе,PUNCT,NOUN
Олеге,PUNCT,PROPN
Попове,PUNCT,PROPN
спасшего,PUNCT,VERB
домик,PUNCT,NOUN
Пятигорске,NOUN,PROPN
Константине,NOUN,PROPN
Брендючкове,PUNCT,PROPN
фашистском,NOUN,ADJ
концлагере,PUNCT,NOUN
Бухенвальд,PUNCT,PROPN
старшему,NOUN,ADJ
поколению,PUNCT,NOUN
Дважды,PUNCT,ADV
рождённые,PUNCT,VERB
"6,3",PUNCT,NUM
Горожане,PUNCT,NOUN
любили,PUNCT,VERB
прогуливаться,PUNCT,VERB
этом,PRON,DET
красивом,VERB,ADJ
уголке,ADP,NOUN
Массивная,PUNCT,ADJ
елмань,PUNCT,NOUN
позволяла,PUNCT,VERB
его,DET,PRON
чугунолитейных,NOUN,ADJ
механический,PUNCT,ADJ
23,ADJ,NUM
солеваренных,NOUN,ADJ
кирпичных,NOUN,ADJ
завода,PUNCT,NOUN
паровые,NOUN,ADJ
мельницы,PUNCT,NOUN
фарфоровое,PUNCT,ADJ
макаронное,NOUN,ADJ
содовый,PUNCT,ADJ
химический,NOUN,ADJ
фабрика,PUNCT,NOUN
терракотовых,PUNCT,ADJ
плиток,PUNCT,NOUN
критикуется,PUNCT,VERB
тезис,PUNCT,NOUN
том,DET,PRON
обязательно,PUNCT,ADV
приведёт,PUNCT,VERB
892,ADP,NUM
Быстрый,PUNCT,ADJ
Наримановском,NOUN,ADJ
Нариманова,PUNCT,PROPN
выросла,PUNCT,VERB
1,NUM,ADJ
Закавказским,PUNCT,ADJ
Закавказского,PUNCT,ADJ
28-го,PUNCT,ADJ
механизированного,PUNCT,ADJ
прикрытия,PUNCT,NOUN
Ираном,NOUN,PROPN
Рита,PUNCT,PROPN
Погосова,PUNCT,PROPN
выиграла,PUNCT,VERB
серебряную,PUNCT,ADJ
смешанном,NOUN,ADJ
Салакка,PUNCT,PROPN
произрастающих,PUNCT,VERB
Мьянма,PUNCT,PROPN
Таиланде,PUNCT,PROPN
Филлипинах,NOUN,PROPN
северо-восточной,NOUN,ADJ
Составная,PUNCT,ADJ
мезорегиона,PUNCT,NOUN
Сельскохозяйственный,PUNCT,ADJ
Параиба,PUNCT,PROPN
было,AUX,VERB
этого,DET,PRON
Бустаманте,PUNCT,PROPN
миграцию,ADP,NOUN
Соединенных,ADJ,VERB
иммиграции,PUNCT,NOUN
ППС,PUNCT,PROPN
поставлялся,PUNCT,VERB
государствам,PUNCT,NOUN
жалобы,ADP,NOUN
физических,PUNCT,ADJ
резидентов,PUNCT,NOUN
неудовлетворительное,NOUN,ADJ
как,ADV,SCONJ
больному,VERB,NOUN
чистым,PUNCT,ADJ
кислородом,PUNCT,NOUN
пока,SCONJ,ADV
единственная,NOUN,ADJ
опубликованная,PUNCT,VERB
Хобо,PUNCT,PROPN
этом,PRON,DET
добыла,PUNCT,VERB
Де,X,PROPN
Чезарис,PUNCT,PROPN
финишировал,PUNCT,VERB
3-им,PUNCT,ADJ
первоначальном,NOUN,ADJ
вещании,PUNCT,NOUN
Homer,PUNCT,X
They,PUNCT,X
Fall,PUNCT,X
девятым,NOUN,ADJ
4,NUM,ADJ
10,NUM,ADJ
Нильсена,PUNCT,PROPN
что,SCONJ,PRON
эквивалентно,NOUN,ADJ
просмотров,PUNCT,NOUN
широким,VERB,ADJ
Балканского,NOUN,ADJ
1225,ADP,NUM
аварцы,PUNCT,NOUN
старыми,NOUN,ADJ
милитаристами,PUNCT,NOUN
как,ADP,SCONJ
У,ADP,PROPN
Пэйфу,NOUN,PROPN
Сунь,NOUN,PROPN
Чуаньфан,PUNCT,PROPN
мятежные,NOUN,ADJ
признавать,ADP,VERB
что,SCONJ,PRON
доставляло,NOUN,VERB
Гоминьдана,NOUN,PROPN
последующей,ADJ,VERB
Юзеф,PUNCT,PROPN
Беляк,PUNCT,PROPN
тринадцать,VERB,NUM
Классификация,PUNCT,NOUN
обсуждения,PUNCT,NOUN
признают,PUNCT,VERB
21,ADJ,NUM
1881,NUM,ADJ
лига,PUNCT,NOUN
федеративное,ADP,ADJ
потерю,ADP,NOUN
Изере,NOUN,PROPN
Тренируется,PUNCT,VERB
Астане,NOUN,PROPN
заслуженного,PUNCT,ADJ
Маржикпаева,PUNCT,PROPN
Берика,PUNCT,PROPN
Боромбаевича,PUNCT,PROPN
Козы,PUNCT,NOUN
вожатых,PUNCT,NOUN
отброшены,PUNCT,VERB
Цахариэ,ADP,PROPN
Jus,PUNCT,X
Graeco,PUNCT,X
Romanum,PUNCT,X
и,CCONJ,PART
официальная,NOUN,ADJ
Эклога,PUNCT,PROPN
Collectio,PUNCT,X
librorum,PUNCT,X
juris,PUNCT,X
graeco,PUNCT,X
romani,PUNCT,X
ineditorum,PUNCT,X
бердашей,PUNCT,NOUN
одежды,PUNCT,NOUN
манеры,PUNCT,NOUN
Исторических,PUNCT,ADJ
Кореи,PUNCT,PROPN
494,ADP,NUM
отменёнными,NOUN,VERB
отменённых,NOUN,VERB
сражений,PUNCT,NOUN
гробницы,PUNCT,NOUN
тюрем,PUNCT,NOUN
гончарных,PUNCT,ADJ
мастерских,PUNCT,NOUN
крепостей,PUNCT,NOUN
многое,NOUN,ADJ
другое,ADJ,NOUN
Реверди,PUNCT,PROPN
фортепианных,NOUN,ADJ
оркестровых,NOUN,ADJ
сочинениях,PUNCT,NOUN
Мессиана,PUNCT,PROPN
рекуперирует,PUNCT,VERB
Это,PRON,DET
Алансонская,PUNCT,ADJ
резня,PUNCT,NOUN
пролетариос,PUNCT,NOUN
Манагуа,NOUN,PROPN
фактическим,VERB,ADJ
Карлос,VERB,PROPN
Нуньес,ADP,PROPN
Хайме,PUNCT,PROPN
Уилок,PUNCT,PROPN
Луис,NOUN,PROPN
Каррион,PUNCT,PROPN
историческом,NOUN,ADJ
заседании,PUNCT,NOUN
ОНР,PUNCT,PROPN
СФНО,PUNCT,PROPN
11,NUM,ADJ
определившего,PUNCT,VERB
36-километровая,PUNCT,ADJ
пешеходная,PUNCT,ADJ
Копетдага,PUNCT,PROPN
Туркмении,PUNCT,PROPN
Производит,PUNCT,VERB
лечение,PUNCT,NOUN
эаболеваний,PUNCT,NOUN
передающихся,PUNCT,VERB
путём,ADP,NOUN
и,PART,CCONJ
дерматозов,VERB,NOUN
Корсика,NOUN,PROPN
особой,PUNCT,ADJ
автономии,VERB,NOUN
Путиным,PUNCT,PROPN
15,NUM,ADJ
приморских,NOUN,ADJ
бизнесменов,PUNCT,NOUN
раскритиковал,PUNCT,VERB
Дарькина,PUNCT,PROPN
чувашской,NOUN,ADJ
общине,PUNCT,NOUN
501,ADP,NUM
662,PUNCT,NUM
много,ADV,NUM
старообрядцев,VERB,NOUN
Примеры,PUNCT,NOUN
klat,PUNCT,X
tiak,PUNCT,X
гладить,PUNCT,VERB
trah,PUNCT,X
ri,PUNCT,X
трактор,PUNCT,NOUN
strop,PUNCT,X
pi,PUNCT,X
стропила,PUNCT,NOUN
Ныне,PUNCT,ADV
Египетский,PUNCT,ADJ
Фарук,PUNCT,PROPN
Судана,NOUN,PROPN
Вильяму,PUNCT,PROPN
Аллану,PUNCT,PROPN
Юэлла,ADP,PROPN
утренней,ADP,ADJ
наёмниками,ADP,NOUN
Лиманском,NOUN,PROPN
чудом,PUNCT,ADV
выжил,PUNCT,VERB
гражданскую,NOUN,ADJ
авиацию,PUNCT,NOUN
Виктора,PUNCT,PROPN
Позднова,PUNCT,PROPN
Предложения,PUNCT,NOUN
что,SCONJ,PRON
позволяло,NOUN,VERB
украсить,PUNCT,VERB
буквиц,PUNCT,NOUN
пустое,NOUN,ADJ
неполных,NOUN,ADJ
строках,PUNCT,NOUN
Николо-Березовка,PUNCT,PROPN
посвящённых,PUNCT,VERB
заповедным,PUNCT,ADJ
местам,PUNCT,NOUN
величественной,PUNCT,ADJ
многоголосные,ADP,ADJ
псалмов,PUNCT,NOUN
Переименована,PUNCT,VERB
13,NUM,ADJ
Кочалейка,PUNCT,PROPN
Абсалям,ADP,PROPN
Янаев,NOUN,PROPN
Боб,PUNCT,PROPN
менеджером,ADP,NOUN
Engel,PUNCT,X
с,ADP,X
Sehnsucht,PUNCT,X
нарастающая,NOUN,VERB
напряжённость,PUNCT,NOUN
внутри,ADV,ADP
также,PART,CCONJ
помешали,PUNCT,VERB
осуществлению,PUNCT,NOUN
этого,PRON,DET
373,ADP,NUM
186,PUNCT,NUM
синглов,PUNCT,NOUN
том,DET,PRON
выпустить,ADP,VERB
нормативный,NOUN,ADJ
Бежит,PUNCT,VERB
Как,SCONJ,ADP
верный,NOUN,ADJ
выполнить,ADP,VERB
добраться,PUNCT,VERB
разыскать,NOUN,VERB
Посол,PUNCT,NOUN
отправив,PUNCT,VERB
Альпийский,NOUN,ADJ
Юлиев,PUNCT,ADJ
позднеримский,PUNCT,ADJ
легион,PUNCT,NOUN
Тардавка,PUNCT,PROPN
Тардовка,ADP,PROPN
Тарлау,PUNCT,PROPN
Булонский,PUNCT,ADJ
1902,PUNCT,ADJ
1902,PUNCT,ADJ
Озвучивает,PUNCT,VERB
Иващенко,PUNCT,PROPN
Мазихин,PUNCT,PROPN
Афокальный,PUNCT,ADJ
телескоп,PUNCT,NOUN
параболических,NOUN,ADJ
зеркал,PUNCT,NOUN
фокусным,NOUN,ADJ
расстоянием,PUNCT,NOUN
"1,1",PUNCT,NUM
диаметр,PUNCT,NOUN
входного,PUNCT,ADJ
зрачка,PUNCT,NOUN
Хромунд,PUNCT,PROPN
спускается,PUNCT,VERB
сражается,NOUN,VERB
Траином,NOUN,PROPN
ставшим,PUNCT,VERB
живым,PUNCT,ADJ
мертвецом,PUNCT,NOUN
драугром,PUNCT,NOUN
20997,ADP,NUM
Ныне,PUNCT,ADV
ЛНМУ,NOUN,PROPN
1,ADJ,NUM
стоматологическом,PUNCT,ADJ
фармацевтическом,PUNCT,ADJ
очной,PUNCT,ADJ
заочной,NOUN,ADJ
последипломного,PUNCT,ADJ
образовательно-профессиональным,NOUN,ADJ
уровням,PUNCT,NOUN
бакалавр,PUNCT,NOUN
BBC,PROPN,X
Зейна,PUNCT,PROPN
Лоу,PUNCT,PROPN
10-й,PUNCT,ADJ
Боевое,PUNCT,ADJ
знамя,PUNCT,NOUN
фронтовой,NOUN,ADJ
Родины,PUNCT,NOUN
клинический,VERB,ADJ
феномен,ADP,NOUN
рассматривать,ADP,VERB
отмены,PUNCT,NOUN
1940-е,NOUN,ADJ
Таганского,PUNCT,ADJ
Идёт,PUNCT,VERB
370,NOUN,NUM
Академика,PUNCT,NOUN
Ильюшина,PUNCT,PROPN
Дебют,PUNCT,NOUN
Митреского,PUNCT,PROPN
14,NUM,ADJ
Бундеслиге,NOUN,PROPN
0:2,PUNCT,NUM
Кёльна,PUNCT,PROPN
Голосовые,PUNCT,ADJ
синий,PUNCT,ADJ
кит,PUNCT,NOUN
сигналами,PUNCT,NOUN
Так,SCONJ,ADV
68,PUNCT,NUM
34,NOUN,NUM
плутония,PUNCT,NOUN
Балаковской,NOUN,ADJ
АЭС,PUNCT,NOUN
MOX,NOUN,X
2024,NOUN,ADJ
Выйти,PUNCT,VERB
данное,PUNCT,ADJ
Аммон,PUNCT,PROPN
критиковал,PUNCT,VERB
лидеров,PUNCT,NOUN
СДПГ,PUNCT,PROPN
Бебеля,PUNCT,PROPN
этом,PRON,DET
одесского,PUNCT,ADJ
Черноморца,PUNCT,NOUN
Гецко,PUNCT,PROPN
Освобождён,PUNCT,VERB
телеграфистом,ADP,NOUN
Чебышево,PUNCT,PROPN
Урало-Илецкой,PUNCT,ADJ
телеграфистом,PUNCT,NOUN
Уральск,PUNCT,PROPN
Кут,NOUN,PROPN
Рязано-Уральской,PUNCT,ADJ
1131,NOUN,ADJ
освящена,NOUN,VERB
Варфоломея,NOUN,PROPN
Так,SCONJ,ADV
письменное,NOUN,ADJ
Повести,PUNCT,NOUN
временных,PUNCT,ADJ
Тарту,NOUN,PROPN
1030,NOUN,ADJ
разрушенной,PUNCT,VERB
принадлежавшей,PUNCT,VERB
эстам,PUNCT,NOUN
деревянной,PUNCT,ADJ
киевский,PUNCT,ADJ
Ярослав,PUNCT,PROPN
Мудрый,PUNCT,ADJ
назвав,PUNCT,VERB
её,DET,PRON
полученном,PUNCT,VERB
Ярославом,PUNCT,PROPN
Финистерре,PUNCT,PROPN
Ла,PROPN,PART
Корунья,PUNCT,PROPN
Галисия,PUNCT,PROPN
ландграфом,PUNCT,NOUN
приведшие,PUNCT,VERB
дипломатическим,NOUN,ADJ
проблемам,PUNCT,NOUN
Гессен,NOUN,PROPN
Касселем,PUNCT,PROPN
Её,PRON,DET
капитализация,VERB,NOUN
"19,2",NOUN,NUM
совокупной,PUNCT,ADJ
рыночной,PUNCT,ADJ
капитализации,PUNCT,NOUN
финских,NOUN,ADJ
котирующихся,PUNCT,VERB
Фондовой,NOUN,ADJ
бирже,PUNCT,NOUN
уникальная,PUNCT,ADJ
развитой,NOUN,ADJ
индустриальной,PUNCT,ADJ
Архиепископ,PUNCT,NOUN
Ефрем,PUNCT,PROPN
Ярославский,PUNCT,ADJ
Белозерский,NOUN,ADJ
святитель,PUNCT,NOUN
Донбасса,PUNCT,PROPN
Шастин,PUNCT,PROPN
Томск,NOUN,PROPN
поступить,NOUN,VERB
Томского,PUNCT,ADJ
Симферополь,NOUN,PROPN
испытаниями,ADP,NOUN
Миг,PUNCT,PROPN
21,ADJ,NUM
23,ADJ,NUM
22М,PUNCT,PROPN
22Р,PUNCT,PROPN
9ЛЛ,PUNCT,PROPN
Як,PUNCT,PROPN
154М,PUNCT,PROPN
76ЛЛ,PUNCT,PROPN
Темп,PUNCT,PROPN
Крыловском,NOUN,ADJ
94332,PUNCT,NUM
бросок,ADP,NOUN
вершина,PUNCT,NOUN
"2,135",PUNCT,NUM
Пруды,PUNCT,NOUN
сада,PUNCT,NOUN
и,CCONJ,PART
декоративным,NOUN,ADJ
Энергия,PUNCT,NOUN
Воронеж,PUNCT,PROPN
Эрнстом,ADP,PROPN
Эдуардом,NOUN,PROPN
Куммером,PUNCT,PROPN
1840-го,NOUN,ADJ
связанной,PUNCT,VERB
Ферма,PUNCT,PROPN
Блочное,PUNCT,ADJ
утвердился,PUNCT,VERB
литьевое,PUNCT,ADJ
cast,NOUN,X
заливки,PUNCT,NOUN
мономера,PUNCT,NOUN
ММА,PUNCT,PROPN
плоскими,NOUN,ADJ
стёклами,PUNCT,NOUN
твёрдого,NOUN,ADJ
HTML,ADP,X
отголоски,PUNCT,NOUN
Netscape,NOUN,X
также,CCONJ,PART
добавляют,NOUN,VERB
специи,PUNCT,NOUN
тмина,PUNCT,NOUN
орехи,PUNCT,NOUN
изюм,PUNCT,NOUN
чеснок,PUNCT,NOUN
курагу,PUNCT,NOUN
кунжута,PUNCT,NOUN
мака,PUNCT,NOUN
Хозяин,PUNCT,NOUN
устроить,ADP,VERB
нарушал,PUNCT,VERB
суверенитет,PUNCT,NOUN
Гретцки,PUNCT,PROPN
10-летними,NOUN,ADJ
мальчишками,PUNCT,NOUN
зданию,VERB,NOUN
1581,NOUN,ADJ
его,PRON,DET
всё,ADV,PRON
было,AUX,VERB
Социально-экономическая,PUNCT,ADJ
феномен,VERB,NOUN
координат,PUNCT,NOUN
Монте,PUNCT,PROPN
Порцио,PUNCT,PROPN
Катоне,PUNCT,PROPN
Представители,PUNCT,NOUN
этого,PRON,DET
светского,VERB,ADJ
струнных,NOUN,ADJ
ансамблей,PUNCT,NOUN
вводили,PUNCT,VERB
ариозно-речитативное,NOUN,ADJ
т.,PRON,ADV
д.,NOUN,ADV
всё,DET,ADV
церковной,VERB,ADJ
гетеродинный,PUNCT,ADJ
должной,NOUN,ADJ
практического,PUNCT,ADJ
возможен,ADP,ADJ
генераторов,PUNCT,NOUN
электронных,NOUN,ADJ
лампах,PUNCT,NOUN
40012,NOUN,NUM
Накануне,PUNCT,ADV
Открытого,PUNCT,ADJ
Провис,PUNCT,PROPN
Рейнах,NOUN,PROPN
добыли,PUNCT,VERB
Альбукерке,NOUN,PROPN
WTA,PUNCT,PROPN
Илиаде,PUNCT,PROPN
XXII,ADJ,NUM
30,ADJ,NUM
Гомер,PUNCT,PROPN
её,DET,PRON
Псом,PUNCT,NOUN
Ориона,PUNCT,PROPN
возобновились,PUNCT,VERB
богослужения,PUNCT,NOUN
исполняющая,PUNCT,VERB
Группа,PUNCT,NOUN
Луи,PUNCT,PROPN
Гиренго,VERB,PROPN
12,ADJ,NUM
Лимож,PUNCT,PROPN
15,NUM,ADJ
Кастельсарразен,PUNCT,PROPN
министр,PUNCT,NOUN
Барра,PUNCT,PROPN
27,NUM,ADJ
уменьшались,NOUN,VERB
накладные,PUNCT,ADJ
расходы,PUNCT,NOUN
увеличивался,NOUN,VERB
рабочего,ADJ,NOUN
лекарственные,NOUN,ADJ
бузина,PUNCT,NOUN
красная,VERB,ADJ
также,PART,CCONJ
как,ADV,ADP
средство,VERB,NOUN
Шкоде,PUNCT,PROPN
пародируются,PUNCT,VERB
YouTube,NOUN,PROPN
ставших,PUNCT,VERB
мемами,PUNCT,NOUN
драфта,PUNCT,NOUN
Линдрос,PUNCT,PROPN
Нордикс,PUNCT,PROPN
Воронцову,PUNCT,PROPN
отмечал,PUNCT,VERB
твоего,PUNCT,DET
учредить,PUNCT,VERB
Кавказом,NOUN,PROPN
испугались,PUNCT,VERB
Петербурге,NOUN,PROPN
твоего,PUNCT,DET
директора,PUNCT,NOUN
канцелярии,PUNCT,NOUN
жёлтого,PUNCT,ADJ
розового,PUNCT,ADJ
светло-сиреневого,NOUN,ADJ
собраны,PUNCT,VERB
плотные,VERB,ADJ
рыхлые,NOUN,ADJ
соцветия,PUNCT,NOUN
простую,PUNCT,ADJ
ветвистую,NOUN,ADJ
кисть,PUNCT,NOUN
Говоря,PUNCT,VERB
периодической,ADP,ADJ
T,X,NOUN
≠,PUNCT,SYM
равенство,ADP,NOUN
x,PUNCT,NOUN
x,PUNCT,NOUN
T,X,NOUN
Фокс,VERB,PROPN
попытался,ADP,VERB
уговорить,NOUN,VERB
британское,PUNCT,ADJ
оставшиеся,ADP,VERB
взяло,PUNCT,VERB
обязательство,VERB,NOUN
ВВП,NOUN,PROPN
уровню,ADP,NOUN
Съёмки,PUNCT,NOUN
Двух,PUNCT,NUM
указанных,NOUN,VERB
отличительных,PUNCT,ADJ
достаточно,ADV,ADJ
мускулоход,ADP,NOUN
велосипедом,VERB,NOUN
Жиль,PUNCT,PROPN
Монморанси́,VERB,PROPN
Лава́ль,PUNCT,PROPN
баро́н,PUNCT,NOUN
Рэ,VERB,PROPN
Брие́н,VERB,PROPN
осень,PUNCT,NOUN
1404,PUNCT,ADJ
1440,NUM,ADJ
Жиль,NOUN,PROPN
Рэ,VERB,PROPN
Жиль,NOUN,PROPN
Рец,VERB,PROPN
Монморанси,PUNCT,PROPN
Лавалей,PUNCT,PROPN
маршал,PUNCT,NOUN
Столетней,PUNCT,ADJ
сподвижник,PUNCT,NOUN
Жанны,PUNCT,PROPN
д,ADV,PART
Конструкторское,PUNCT,ADJ
завода,PUNCT,NOUN
7,ADJ,NUM
Соколова,PUNCT,PROPN
представило,PUNCT,VERB
модернизированных,PUNCT,ADJ
отличавшихся,PUNCT,VERB
рядом,ADV,NOUN
деталей,VERB,NOUN
Касательно,PUNCT,ADP
I,ADJ,X
Am,NOUN,X
Sasha,PUNCT,X
Fierce,PUNCT,X
менеджер,PUNCT,NOUN
Бейонсе,PUNCT,PROPN
нестандартно,ADP,ADV
и,PART,CCONJ
кое-что,ADP,NOUN
Бейонсе,NOUN,PROPN
объяснила,PUNCT,VERB
это,PRON,PART
Организовал,PUNCT,VERB
Высшие,PUNCT,ADJ
женские,PUNCT,ADJ
сельскохозяйственные,PUNCT,ADJ
Тацит,PUNCT,PROPN
пережив,PUNCT,VERB
эпоху,PUNCT,NOUN
описать,ADP,VERB
это,PRON,DET
непростое,VERB,ADJ
69,PUNCT,ADJ
русские,ADJ,NOUN
Кэйри,PUNCT,PROPN
Лорэнс,PUNCT,PROPN
Кэйри,PUNCT,PROPN
16,NUM,ADJ
Тарлок,PUNCT,PROPN
мультиинструменталист,PUNCT,NOUN
вокалист,PUNCT,NOUN
1739,NOUN,ADJ
капельмейстер,PUNCT,NOUN
Бранденбурге,NOUN,PROPN
располагалась,PUNCT,VERB
Савски,PUNCT,X
Венац,PUNCT,PROPN
круглосуточное,ADP,ADJ
ПЕН,NOUN,PROPN
Добровольческой,PUNCT,ADJ
однако,CCONJ,ADV
отвергло,PUNCT,VERB
Краснова,PUNCT,PROPN
приемлемым,VERB,ADJ
Германией,NOUN,PROPN
Карликовый,PUNCT,ADJ
мамонт,PUNCT,NOUN
вымерший,PUNCT,VERB
слоновых,PUNCT,NOUN
было,AUX,VERB
128430,VERB,NUM
что,SCONJ,PRON
делало,NOUN,VERB
его,DET,PRON
35-ым,NOUN,ADJ
Тюме́нь,PUNCT,PROPN
Тюменского,PUNCT,ADJ
Как,SCONJ,ADP
Сопротивления,PUNCT,NOUN
занимала,PUNCT,VERB
секретаря,PUNCT,NOUN
Софийского,PUNCT,ADJ
РМС,PUNCT,PROPN
Ташкентский,PUNCT,ADJ
Узбекистан,PUNCT,PROPN
6,NUM,ADJ
совершенствования,PUNCT,NOUN
инженерных,PUNCT,ADJ
Беруни,PUNCT,PROPN
химико--технологического,PUNCT,ADJ
Различное,PUNCT,ADJ
захоронений,PUNCT,NOUN
имущественного,PUNCT,ADJ
расслоения,PUNCT,NOUN
Хозяин,PUNCT,NOUN
печальную,NOUN,ADJ
Saunier,PUNCT,X
Duval,PUNCT,X
Prodir,PUNCT,X
бывшим,AUX,ADJ
велогонщиком,VERB,NOUN
Витторио,ADP,PROPN
Алджире,NOUN,PROPN
Saunier,PUNCT,X
Duval,PUNCT,X
вентилирующего,PUNCT,ADJ
отопительного,NOUN,ADJ
Коммуни́зм,PUNCT,NOUN
гипотетический,PUNCT,ADJ
экономический,NOUN,ADJ
Тирсены,PUNCT,NOUN
этруски,PUNCT,NOUN
пеласги,PUNCT,NOUN
тевкры,PUNCT,NOUN
мигрировавших,PUNCT,VERB
Малой,NOUN,ADJ
напавших,NOUN,VERB
Центральное,PUNCT,ADJ
отводилось,PUNCT,VERB
всеукраинской,NOUN,ADJ
неправительственной,PUNCT,ADJ
Ассоциация,PUNCT,NOUN
украинских,PUNCT,ADJ
мониторов,PUNCT,NOUN
правоохранительных,PUNCT,ADJ
29,ADJ,NUM
Главным,PUNCT,ADJ
водотоков,PUNCT,NOUN
талые,ADP,ADJ
снеговые,NOUN,ADJ
Владетелю,PUNCT,NOUN
Сандвичевых,PUNCT,ADJ
Каумуалии,VERB,PROPN
вождю,PUNCT,NOUN
Интеко,PUNCT,PROPN
реализовала,PUNCT,VERB
30,ADJ,NUM
девелоперских,NOUN,ADJ
Бойко,PUNCT,PROPN
Толпинская,PUNCT,PROPN
вегетационного,PUNCT,ADJ
водонасыщенность,PUNCT,NOUN
капиллярного,PUNCT,ADJ
поднятия,PUNCT,NOUN
специфической,PUNCT,ADJ
болотной,PUNCT,ADJ
растительности,PUNCT,NOUN
тростник,ADP,NOUN
камыш,PUNCT,NOUN
осоки,PUNCT,NOUN
Петрозаводске,PUNCT,PROPN
управляющего,PUNCT,NOUN
олонецкими,PUNCT,ADJ
горными,PUNCT,ADJ
заводами,PUNCT,NOUN
Адама,PUNCT,PROPN
Армстронга,PUNCT,PROPN
происходившего,PUNCT,VERB
старинного,NOUN,ADJ
Армстронгов,PUNCT,PROPN
ЛФС,NOUN,PROPN
присоединилось,PUNCT,VERB
Эшен,PUNCT,PROPN
Маурен,PUNCT,PROPN
сперва,PUNCT,ADV
как,SCONJ,ADP
Маурен,PUNCT,PROPN
Эшен,PUNCT,PROPN
Маурен,PUNCT,PROPN
Тем,PRON,DET
Лоис,PUNCT,PROPN
Тесс,NOUN,PROPN
теряет,PUNCT,VERB
LuthorCorp,NOUN,X
Английский,PUNCT,ADJ
Гаронне,NOUN,PROPN
Людовик,NOUN,PROPN
блестящую,ADP,ADJ
Тальебуре,NOUN,PROPN
1242,PUNCT,ADJ
Флоринский,PUNCT,PROPN
патриотическом,NOUN,ADJ
монархическом,NOUN,ADJ
нерелятивистском,NOUN,ADJ
приближении,PUNCT,NOUN
много,NUM,ADV
меньше,ADV,ADJ
электрическое,PUNCT,ADJ
падающей,PUNCT,VERB
Essen,PUNCT,X
Feather,PUNCT,X
церемонии,VERB,NOUN
летний,PUNCT,ADJ
Гамбурге,NOUN,PROPN
Пауло,PUNCT,PROPN
Сикейры,PUNCT,PROPN
Capoeuropa,PUNCT,X
безоблачная,PUNCT,ADJ
Вартислав,PUNCT,PROPN
1135,NOUN,ADJ
Ратибор,PUNCT,PROPN
Specific,PUNCT,X
Media,PUNCT,X
доля,PUNCT,NOUN
Тимберлейк,PUNCT,PROPN
Виталия,NOUN,PROPN
как,ADV,ADP
приложения,PUNCT,NOUN
парикмахерского,PUNCT,ADJ
Мужчинам,PUNCT,NOUN
рекомендуют,PUNCT,VERB
шорты,ADP,NOUN
и,PART,CCONJ
одежду,ADP,NOUN
туристических,PUNCT,ADJ
комплексов,PUNCT,NOUN
фон,NOUN,PART
Ураха,PUNCT,PROPN
Греческое,PUNCT,ADJ
министерство,PUNCT,NOUN
издало,PUNCT,VERB
специальное,PUNCT,ADJ
разрешение,PUNCT,NOUN
разрешающее,PUNCT,VERB
донорство,PUNCT,NOUN
Каламария,PUNCT,PROPN
Пенталофос,PUNCT,PROPN
Флорина,NOUN,PROPN
также,PART,CCONJ
сербского,PUNCT,ADJ
Хиландар,PUNCT,PROPN
Афоне,NOUN,PROPN
гуманитарную,NOUN,ADJ
подпалубная,NOUN,ADJ
барабанного,PUNCT,ADJ
типа,ADP,NOUN
одноступенчатых,NOUN,ADJ
твердотопливных,PUNCT,ADJ
телеуправляемых,PUNCT,ADJ
9М330,PUNCT,NUM
суммарный,PUNCT,ADJ
запас,PUNCT,NOUN
22,ADJ,NUM
Брянска,PUNCT,PROPN
Госомка,PUNCT,PROPN
Десны,PUNCT,NOUN
Хуздар,PUNCT,PROPN
пакистанской,NOUN,ADJ
далеко,PUNCT,ADV
легкий,VERB,ADJ
так,ADV,SCONJ
как,ADP,ADV
быть,AUX,VERB
университетских,PUNCT,ADJ
Высших,PUNCT,ADJ
географических,PUNCT,ADJ
курсов,PUNCT,NOUN
создается,PUNCT,VERB
географический,NOUN,ADJ
географический,ADP,ADJ
и,PART,CCONJ
этнографический,VERB,ADJ
факультеты,ADP,NOUN
Пусть,PUNCT,PART
F,X,NOUN
определённая,PUNCT,VERB
Турецкого,PUNCT,ADJ
энергетической,NOUN,ADJ
конки,PUNCT,NOUN
14,NUM,ADJ
Хердт,PUNCT,PROPN
буддистский,PUNCT,ADJ
дзёдо,PUNCT,NOUN
синсю,PUNCT,X
стабилизированной,PUNCT,VERB
85-мм,PUNCT,ADJ
С,ADP,PROPN
116,PUNCT,NUM
плавающего,NOUN,ADJ
ПТ,PUNCT,PROPN
некоторого,PUNCT,DET
демонстрировался,PUNCT,VERB
Максбергском,NOUN,ADJ
владельцу,ADP,NOUN
Заместители,PUNCT,NOUN
кабинета,PUNCT,NOUN
Симон,PUNCT,PROPN
Мармион,PUNCT,PROPN
и,CCONJ,PART
станковые,NOUN,ADJ
книжные,NOUN,ADJ
Молодые,PUNCT,ADJ
рыже-бурые,PUNCT,ADJ
тёмно-коричневых,NOUN,ADJ
ирисок,PUNCT,NOUN
Макфадден,PUNCT,PROPN
пробивался,PUNCT,VERB
и,CCONJ,PART
перейдя,PUNCT,VERB
Бирмингем,PUNCT,PROPN
Сити,PROPN,NOUN
Ко́кса,PUNCT,PROPN
синяя,PUNCT,ADJ
Геологические,PUNCT,ADJ
запасы,PUNCT,NOUN
оцениваются,PUNCT,VERB
"160,4",NOUN,NUM
контрактной,NOUN,ADJ
Го́рное,PUNCT,ADJ
Ве́рхний,PUNCT,ADJ
Аиргу́ль,PUNCT,PROPN
упразднённое,PUNCT,VERB
Бахчисарайском,NOUN,ADJ
Солнечноселья,PUNCT,PROPN
Без,PUNCT,ADP
этого,PRON,DET
процветание,VERB,NOUN
невозможно,PUNCT,ADJ
Командуя,PUNCT,VERB
293-м,PUNCT,ADJ
гаубичным,PUNCT,ADJ
артиллерийским,PUNCT,ADJ
полком,PUNCT,NOUN
9-я,PUNCT,ADJ
гаубичная,PUNCT,ADJ
артиллерийская,PUNCT,ADJ
артиллерийская,NOUN,ADJ
артиллерийский,NOUN,ADJ
8-я,PUNCT,ADJ
гвардейская,PUNCT,ADJ
подполковник,PUNCT,NOUN
Плужников,PUNCT,PROPN
полком,ADP,NOUN
Люблинско-Брестской,PUNCT,ADJ
также,PART,CCONJ
форсирования,PUNCT,NOUN
Западного,PUNCT,ADJ
Буга,PUNCT,PROPN
Гуща,PUNCT,PROPN
Любомльский,PUNCT,ADJ
Волынская,PUNCT,ADJ
плацдарма,PUNCT,NOUN
зерноуборочный,NOUN,ADJ
комбайн,PUNCT,NOUN
Ростсельмашем,ADP,PROPN
Околоцветные,PUNCT,ADJ
щетинки,PUNCT,NOUN
4-6,PUNCT,NUM
плодоношения,PUNCT,NOUN
достигают,PUNCT,VERB
внешне,PUNCT,ADV
колосок,PUNCT,NOUN
пушицы,PUNCT,NOUN
10,NUM,ADJ
Dave,PUNCT,X
Clark,PUNCT,X
Five,PUNCT,X
рок-н-ролла,PUNCT,NOUN
CALS,NOUN,X
данными,PUNCT,NOUN
технической,NOUN,ADJ
документации,PUNCT,NOUN
этого,DET,PRON
профсоюзных,NOUN,ADJ
лакокрасочной,PUNCT,ADJ
Тиккурила,PUNCT,PROPN
вклада,PUNCT,NOUN
исполнивших,PUNCT,VERB
Эдмунда,PUNCT,PROPN
Шклярского,PUNCT,PROPN
значимость,ADP,NOUN
дневной,NOUN,ADJ
мыльной,PUNCT,ADJ
Молодые,PUNCT,ADJ
любительской,NOUN,ADJ
Коулмен,PUNCT,PROPN
малоизвестный,NOUN,ADJ
спорт,PUNCT,NOUN
UFC,PUNCT,X
UFC,NOUN,X
11,ADJ,NUM
победив,PUNCT,VERB
Дэн,NOUN,PROPN
Северн,PUNCT,PROPN
UFC,PUNCT,X
тяжёлом,NOUN,ADJ
этого,DET,PRON
весовых,NOUN,ADJ
UFC,NOUN,X
было,AUX,VERB
Так,SCONJ,ADV
трогательно,NOUN,ADV
Гения,PUNCT,NOUN
любили,PUNCT,VERB
Горячкина,PUNCT,PROPN
28,NUM,ADJ
Орск,PUNCT,PROPN
гроссмейстер,PUNCT,NOUN
Неспецифическая,PUNCT,ADJ
фибросаркома,PUNCT,NOUN
взрослых,PUNCT,NOUN
узел,VERB,NOUN
чётких,NOUN,ADJ
глубоких,NOUN,ADJ
нижних,VERB,ADJ
конечностей,ADP,NOUN
всего,PRON,ADV
рубль,VERB,NOUN
рабочие,NOUN,ADJ
финансировалась,PUNCT,VERB
молодёжи,PUNCT,NOUN
Мурманск,PUNCT,PROPN
Областной,PUNCT,ADJ
Мурманский,PUNCT,ADJ
областной,PUNCT,ADJ
Военно-морской,PUNCT,ADJ
"24,5",PUNCT,NUM
том,DET,PRON
"10,7",NOUN,NUM
65,ADJ,NUM
Торрес,PUNCT,PROPN
Альканадре,PUNCT,PROPN
Уэска,PUNCT,PROPN
Арагон,PUNCT,PROPN
приём,VERB,NOUN
арбуза,ADP,NOUN
вызывать,ADP,VERB
рвоту,PUNCT,NOUN
желудочные,PUNCT,ADJ
Лернагорц,PUNCT,PROPN
А,CCONJ,NOUN
21,ADJ,NUM
Современные,PUNCT,ADJ
алфавиты,PUNCT,NOUN
лжесвидетельница,PUNCT,NOUN
убита,PUNCT,VERB
Йокомити,PUNCT,PROPN
Кейдзи,PUNCT,PROPN
исчез,PUNCT,VERB
сербского,PUNCT,ADJ
национально-освободительного,PUNCT,ADJ
переместился,PUNCT,VERB
Сербию,NOUN,PROPN
1766,NOUN,ADJ
Печский,ADP,ADJ
успешная,PUNCT,ADJ
эллинизации,PUNCT,NOUN
номинировался,NOUN,VERB
Стресс,PUNCT,NOUN
Финансовые,PUNCT,ADJ
Кредита,PUNCT,NOUN
соответствуют,PUNCT,VERB
стандартным,PUNCT,ADJ
АКФ,PUNCT,PROPN
средним,NOUN,ADJ
австрийскую,NOUN,ADJ
Разница,PUNCT,NOUN
традиционным,NOUN,ADJ
либеральным,NOUN,ADJ
подходами,PUNCT,NOUN
гомосексуальности,PUNCT,NOUN
интересуется,PUNCT,VERB
как,ADP,SCONJ
либеральное,NOUN,ADJ
научного,NOUN,ADJ
том,DET,PRON
есть,VERB,AUX
выразиться,NOUN,VERB
Церкви,PUNCT,NOUN
саентологии,PUNCT,NOUN
и,CCONJ,PART
меньший,ADP,ADJ
Показывает,PUNCT,VERB
автобусы,PUNCT,NOUN
трамваи,PUNCT,NOUN
паромы,PUNCT,NOUN
Яровце,PUNCT,PROPN
Петржалка,PUNCT,PROPN
Русовце,PUNCT,PROPN
Чуново,PUNCT,PROPN
необходимые,ADP,ADJ
ударные,NOUN,ADJ
артиллерийское,ADP,ADJ
эффективно,VERB,ADV
мощного,NOUN,ADJ
как,SCONJ,ADP
гитлеровский,NOUN,ADJ
вермахт,PUNCT,NOUN
Состоял,PUNCT,VERB
Балтика,PUNCT,PROPN
Черное,PUNCT,ADJ
Разработчики,PUNCT,NOUN
думали,PUNCT,VERB
будет,AUX,VERB
Геншер,NOUN,PROPN
Грёгель,NOUN,PROPN
31,ADJ,NUM
Коноллиштрассе,NOUN,PROPN
Кимберли,PUNCT,PROPN
Динамитерс,PUNCT,PROPN
выступают,PUNCT,VERB
юниорской,NOUN,ADJ
Кутеная,PUNCT,PROPN
вырвало,PUNCT,VERB
крышку,PUNCT,NOUN
хвостовым,NOUN,ADJ
лайнера,PUNCT,NOUN
20,NUM,ADJ
Southern,PUNCT,X
Comfort,PUNCT,X
Pirate,PUNCT,X
Track1,PUNCT,X
Доля,PUNCT,NOUN
"21,3",ADP,NUM
Форум,PUNCT,NOUN
проведенных,PUNCT,VERB
1839,NOUN,ADJ
Флот,PUNCT,NOUN
дошёл,PUNCT,VERB
Бергена,PUNCT,PROPN
Ланчи,PUNCT,PROPN
Шахмирза,PUNCT,PROPN
Мереджи,PUNCT,PROPN
изгнавший,PUNCT,VERB
Миатхана,PUNCT,PROPN
пребывать,ADP,VERB
агрегатных,NOUN,ADJ
состояниях,PUNCT,NOUN
Нападавшие,PUNCT,NOUN
нанятыми,PUNCT,VERB
профессиональными,PUNCT,ADJ
охранниками,PUNCT,NOUN
одетыми,PUNCT,VERB
прелюдией,ADP,NOUN
пшеничных,NOUN,ADJ
геометрические,NOUN,ADJ
фигуры,PUNCT,NOUN
маглов,ADP,NOUN
управляется,PUNCT,VERB
некоммерческой,PUNCT,ADJ
образовательной,PUNCT,ADJ
Annals,PUNCT,X
Botany,PUNCT,X
публикуется,NOUN,VERB
университетским,PUNCT,ADJ
издательством,PUNCT,NOUN
Oxford,PUNCT,X
Press,PUNCT,X
его,PRON,DET
импакт-фактор,VERB,NOUN
ISI,NOUN,PROPN
равнялся,PUNCT,VERB
"2,755",PUNCT,NUM
Индийский,PUNCT,ADJ
покрывающий,PUNCT,VERB
водной,NOUN,ADJ
Около,PUNCT,ADP
примитивное,ADP,ADJ
суходольное,NOUN,ADJ
рисоводство,PUNCT,NOUN
Сказании,PUNCT,NOUN
Макарии,NOUN,PROPN
вытекающего,PUNCT,VERB
как,SCONJ,ADP
безработными,PUNCT,ADJ
его,DET,PRON
праздником,ADP,NOUN
темноты,PUNCT,NOUN
родными,ADP,NOUN
Геде,PUNCT,PROPN
запатентовал,NOUN,VERB
диффузионного,PUNCT,ADJ
насоса,PUNCT,NOUN
реагируют,NOUN,VERB
сверхиндивидуальные,NOUN,ADJ
невозможно,PUNCT,ADJ
как,ADP,SCONJ
871,PUNCT,NUM
Деньги,PUNCT,NOUN
входящем,PUNCT,VERB
Коммерсантъ,PUNCT,PROPN
публиковалась,PUNCT,VERB
сахаджа,PUNCT,X
йоги,PUNCT,NOUN
Шри,PUNCT,PROPN
Матаджи,PUNCT,PROPN
Нирмала,PUNCT,PROPN
Деви,PUNCT,PROPN
том,DET,PRON
СПИД,NOUN,PROPN
подставить,NOUN,VERB
непокрытую,PUNCT,ADJ
лунному,PUNCT,ADJ
свету,PUNCT,NOUN
то,PRON,CCONJ
сойти,ADP,VERB
"73,24",PUNCT,NUM
Промышленного,PUNCT,ADJ
как,SCONJ,ADP
Miele,NOUN,PROPN
Siemens,NOUN,PROPN
бытовую,ADP,ADJ
умный,PUNCT,ADJ
устарело,PUNCT,VERB
предела,ADP,NOUN
доверительной,NOUN,ADJ
95,PUNCT,NUM
это,DET,PRON
равно,ADV,ADJ
"10,7",NOUN,NUM
"19,1",NOUN,NUM
эквивалентно,NOUN,ADJ
"4,23",NOUN,NUM
"7,53",NOUN,NUM
дюймов,PUNCT,NOUN
Денисов,PUNCT,PROPN
также,CCONJ,PART
как,SCONJ,ADV
Мерцарио,PUNCT,PROPN
Лаффит,NOUN,PROPN
Ветрова,PUNCT,PROPN
солисты,PUNCT,NOUN
ЗКР,PUNCT,PROPN
АСО,PUNCT,PROPN
Вениамин,PUNCT,PROPN
Марголин,PUNCT,PROPN
Большиянов,PUNCT,PROPN
также,PART,CCONJ
оперы,PUNCT,NOUN
Сердюк,PUNCT,PROPN
Руководитель,PUNCT,NOUN
интеллектуальных,PUNCT,ADJ
Коломна,PUNCT,PROPN
сознавать,PUNCT,VERB
Лоран,PUNCT,PROPN
Луи,PUNCT,PROPN
франкофонной,NOUN,ADJ
Удобны,PUNCT,ADJ
быстрого,NOUN,ADJ
развёртывания,PUNCT,NOUN
Выделяют,PUNCT,VERB
также,CCONJ,PART
моторную,NOUN,ADJ
речевую,PUNCT,ADJ
персеверацию,PUNCT,NOUN
многократных,PUNCT,ADJ
повторений,PUNCT,NOUN
того,PRON,DET
слога,VERB,NOUN
эфферентной,PUNCT,ADJ
моторной,PUNCT,ADJ
афазии,PUNCT,NOUN
нижних,PUNCT,ADJ
премоторной,PUNCT,ADJ
Сестры,PUNCT,NOUN
опускались,PUNCT,VERB
щиты,PUNCT,NOUN
водоспуска,PUNCT,NOUN
А,CCONJ,NOUN
горизонт,VERB,NOUN
впереди,PUNCT,ADP
этого,PRON,DET
водоспуска,VERB,NOUN
мгновенно,ADP,ADV
возвышался,NOUN,VERB
Современниками,PUNCT,NOUN
оценивался,PUNCT,VERB
как,SCONJ,ADP
жесткий,PUNCT,ADJ
хозяйственник,PUNCT,NOUN
трудовую,ADP,ADJ
европейскому,NOUN,ADJ
образцу,PUNCT,NOUN
Софья,PUNCT,PROPN
ушла,PUNCT,VERB
всего,DET,ADV
29,ADJ,NUM
это,PRON,DET
успела,PUNCT,VERB
глубокий,NOUN,ADJ
след,PUNCT,NOUN
шашечном,NOUN,ADJ
Макарович,PUNCT,PROPN
уходу,VERB,NOUN
многочисленных,NOUN,ADJ
гастролей,PUNCT,NOUN
1952-м,NOUN,ADJ
перейдя,PUNCT,VERB
Ленгосэстраду,PUNCT,PROPN
Выступает,PUNCT,VERB
Серии,PUNCT,NOUN
А,CCONJ,NOUN
Атлетико,PUNCT,PROPN
Минейро,PUNCT,PROPN
Будзинского,PUNCT,PROPN
Анапе,NOUN,PROPN
модном,NOUN,ADJ
мавританском,PUNCT,ADJ
курортной,PUNCT,ADJ
Неудачные,PUNCT,ADJ
Южном,NOUN,ADJ
фасе,PUNCT,NOUN
тяжело,PUNCT,ADV
отразились,PUNCT,VERB
Кепмфа,PUNCT,PROPN
что,SCONJ,PRON
иное,NOUN,ADJ
как,SCONJ,ADP
разума,PUNCT,NOUN
влитый,PUNCT,VERB
Богом,VERB,PROPN
его,DET,PRON
что,SCONJ,PRON
Лазарев,PUNCT,PROPN
научно-популярных,ADP,ADJ
зарубежной,NOUN,ADJ
МОСНК,PUNCT,PROPN
Наблюдатели,PUNCT,NOUN
инерциальных,NOUN,ADJ
пространственной,PUNCT,ADJ
сравнить,ADP,VERB
наибольшее,ADP,ADJ
величин,PUNCT,NOUN
пар,PUNCT,NOUN
значащих,PUNCT,ADJ
значащих,VERB,ADJ
последовательно,PUNCT,ADV
продвигаясь,PUNCT,VERB
значащим,NOUN,ADJ
битам,PUNCT,NOUN
неравенства,PUNCT,NOUN
чеченской,NOUN,ADJ
архитектурной,ADP,ADJ
давшей,PUNCT,VERB
сформировавшемуся,PUNCT,VERB
форштадту,VERB,NOUN
Ильинский,PUNCT,ADJ
Датский,PUNCT,ADJ
Ганнибал,PUNCT,PROPN
Сехестед,PUNCT,PROPN
третьих,PUNCT,ADJ
1660,NOUN,ADJ
Датско-Норвежское,NOUN,ADJ
подписали,PUNCT,VERB
Копенгагенский,PUNCT,ADJ
Дании,ADP,PROPN
Борнхольм,NOUN,PROPN
Трёнделаг,PUNCT,PROPN
Борису,NOUN,PROPN
Годунову,PUNCT,PROPN
Grande,VERB,X
Cretto,ADP,X
преподавательская,NOUN,ADJ
Гарварде,NOUN,PROPN
Призыв,PUNCT,NOUN
ударника,PUNCT,NOUN
Ангана,PUNCT,PROPN
Эльдя,PUNCT,PROPN
Кектеев,PUNCT,PROPN
7,NUM,ADJ
Таңhчин,PUNCT,ADV
зәңг,PUNCT,ADV
Петровка,PUNCT,PROPN
Аннинском,NOUN,ADJ
Латышев,PUNCT,PROPN
штрафной,ADP,NOUN
Яшин,PUNCT,PROPN
подошёл,PUNCT,VERB
Агапов,PUNCT,PROPN
послы,ADP,NOUN
Цзян,PUNCT,PROPN
Пэнцзянь,PUNCT,PROPN
Тайване,NOUN,PROPN
сапожника,PUNCT,NOUN
эмигранта,PUNCT,NOUN
разработать,PUNCT,VERB
64-разрядную,VERB,ADJ
архитектуру,ADP,NOUN
PRISM,PUNCT,X
32-разрядной,VERB,ADJ
взрослую,NOUN,ADJ
все,DET,PRON
спасают,PUNCT,VERB
принцесс,PUNCT,NOUN
Акаси,PUNCT,PROPN
Токийском,NOUN,ADJ
Фулбрайт,PUNCT,PROPN
Вергинском,NOUN,ADJ
Флетчерской,NOUN,ADJ
Права,PUNCT,NOUN
Тафтском,NOUN,ADJ
престижа,PUNCT,NOUN
Мидлсбро,PUNCT,PROPN
Скотт,PUNCT,PROPN
Каан,PUNCT,PROPN
Тёрка,PUNCT,PROPN
Мэллойя,PUNCT,PROPN
Оушена,PUNCT,PROPN
12,ADJ,NUM
Оушена,PUNCT,PROPN
Оушена,PUNCT,PROPN
24,NUM,ADJ
Дании,PUNCT,PROPN
Ступенчатый,PUNCT,ADJ
спиралеобразный,PUNCT,ADJ
фонарь,PUNCT,NOUN
богато,PUNCT,ADV
несёт,NOUN,VERB
металлическую,PUNCT,ADJ
фигурную,PUNCT,ADJ
корону,PUNCT,NOUN
олицетворяющую,PUNCT,VERB
папскую,PUNCT,ADJ
тиару,PUNCT,NOUN
обстрела,PUNCT,NOUN
случился,PUNCT,VERB
сгорела,PUNCT,VERB
Организатором,PUNCT,NOUN
Всеафриканских,PUNCT,ADJ
Нигерия,ADP,PROPN
остальные,ADJ,NOUN
согласившихся,PUNCT,VERB
креститься,PUNCT,VERB
их,PRON,DET
конфискована,PUNCT,VERB
Сармат,PUNCT,PROPN
ЭЗСА,NOUN,PROPN
модернизировали,PUNCT,VERB
облагородили,PUNCT,VERB
базовые,PUNCT,ADJ
автобусов,PUNCT,NOUN
Альтерна,PUNCT,PROPN
Лескова,PUNCT,PROPN
отчасти,PUNCT,ADV
поместного,PUNCT,ADJ
дворянства,PUNCT,NOUN
RIM,PUNCT,X
отчиталась,PUNCT,VERB
100-миллионного,PUNCT,ADJ
смартфона,PUNCT,NOUN
BlackBerry,PUNCT,X
1367,PUNCT,NUM
штурмовых,PUNCT,ADJ
23,ADJ,NUM
зенитных,NOUN,ADJ
вражеских,NOUN,ADJ
Андрюс,PUNCT,PROPN
попасть,ADP,VERB
12.2012,NOUN,ADJ
народный,PUNCT,ADJ
депутат,PUNCT,NOUN
национальной,PUNCT,ADJ
Выстрел,PUNCT,NOUN
чеканились,PUNCT,VERB
12,ADJ,NUM
1698,NOUN,ADJ
Речи,PUNCT,PROPN
Посполитой,PUNCT,ADJ
саксонского,PUNCT,ADJ
курфюрста,PUNCT,NOUN
Сильного,PUNCT,ADJ
писаря,PUNCT,NOUN
польного,PUNCT,ADJ
взрослые,PUNCT,ADJ
экземпляры,PUNCT,NOUN
Арнолд,PUNCT,PROPN
Массачусетс,PUNCT,PROPN
Жрица,PUNCT,NOUN
пифией,ADP,NOUN
вдыхала,PUNCT,VERB
ядовитые,PUNCT,ADJ
исходившие,PUNCT,VERB
впадала,NOUN,VERB
священный,NOUN,ADJ
экстаз,PUNCT,NOUN
записывали,PUNCT,VERB
решительно,NOUN,ADV
настаивал,PUNCT,VERB
том,DET,PRON
баланс,PUNCT,NOUN
быть,AUX,VERB
Подбор,PUNCT,NOUN
хорошей,PUNCT,ADJ
метафоры,PUNCT,NOUN
облегчает,PUNCT,VERB
разработчиков,PUNCT,NOUN
понимание,PUNCT,NOUN
каким,PUNCT,DET
Gamer,PUNCT,X
Ом,PUNCT,PROPN
Подшибякин,PUNCT,PROPN
Штат,PUNCT,NOUN
Айова,PUNCT,PROPN
Базисные,PUNCT,ADJ
неделимые,PUNCT,ADJ
учебного,PUNCT,ADJ
бедные,NOUN,ADJ
всего,PRON,ADV
пенни,VERB,NOUN
принимается,PUNCT,VERB
также,CCONJ,PART
поношенная,NOUN,ADJ
Модернизация,PUNCT,NOUN
корабельного,PUNCT,ADJ
возможна,PUNCT,ADJ
com.,PUNCT,X
xx,PUNCT,X
co.,NOUN,X
xx,PUNCT,X
где,ADV,SCONJ
xx,VERB,X
это,PRON,PART
Стрельба,PUNCT,NOUN
велась,PUNCT,VERB
раздельным,NOUN,ADJ
заряжанием,PUNCT,NOUN
четырех,NOUN,NUM
пороховых,PUNCT,ADJ
зарядов,PUNCT,NOUN
"77,8",NOUN,NUM
топографическое,NOUN,ADJ
русла,PUNCT,NOUN
1667,ADP,ADJ
Междуре́чье,PUNCT,NOUN
Черняховском,NOUN,ADJ
1654,PUNCT,ADJ
Далейль,PUNCT,PROPN
Драммондом,PUNCT,PROPN
Михайловский,PROPN,ADJ
Белебеевском,NOUN,ADJ
Ермолкинскому,NOUN,ADJ
Узнав,PUNCT,VERB
благовещенского,PUNCT,ADJ
диакона,PUNCT,NOUN
Федора,PUNCT,PROPN
озаботилось,PUNCT,VERB
подготовленными,NOUN,VERB
списками,PUNCT,NOUN
поручило,NOUN,VERB
написать,PUNCT,VERB
опровержение,VERB,NOUN
газскому,ADP,ADJ
Челси,PUNCT,PROPN
Брентфорд,PUNCT,PROPN
встретились,PUNCT,VERB
7,NUM,ADJ
Челси,PUNCT,PROPN
Брентфорда,PUNCT,PROPN
1:0,PUNCT,NUM
Coppelius,PUNCT,X
исполняющая,PUNCT,VERB
метал,PUNCT,NOUN
ударных,ADJ,NOUN
контрабаса,PUNCT,NOUN
виолончели,PUNCT,NOUN
Напряжение,PUNCT,NOUN
"1,8",PUNCT,NUM
В,ADP,NOUN
FreeBSD,NOUN,X
журналирование,PUNCT,NOUN
файловой,PUNCT,ADJ
UFS,PUNCT,X
GEOM,PUNCT,X
gjournal,PUNCT,X
Эту,PUNCT,DET
композицию,VERB,NOUN
Бочелли,PUNCT,PROPN
Vivere,PUNCT,X
Andrea,PUNCT,X
Bocelli,PUNCT,X
Live,PUNCT,X
Tuscany,PUNCT,X
также,PART,CCONJ
композицию,VERB,NOUN
Canto,PUNCT,X
della,PUNCT,X
Terra,PUNCT,X
73-75,NOUN,NUM
наследуется,PUNCT,VERB
отцовской,NOUN,ADJ
41825,VERB,NUM
предрасположенных,NOUN,VERB
андрогенетической,NOUN,ADJ
алопеции,PUNCT,NOUN
воевал,PUNCT,VERB
3-м,PUNCT,ADJ
Украинском,PUNCT,ADJ
Белорусском,NOUN,ADJ
Донбасса,PUNCT,PROPN
разгроме,PUNCT,NOUN
врага,PUNCT,NOUN
номинировался,PUNCT,VERB
Офицер,PUNCT,NOUN
Маргарет,PUNCT,PROPN
овдовевшая,PUNCT,VERB
фермером,ADP,NOUN
Мекленбурге,NOUN,PROPN
Галле,NOUN,PROPN
Квочур,PUNCT,PROPN
Рафаэль,PUNCT,PROPN
Надаль,PUNCT,PROPN
выигрывает,PUNCT,VERB
Открытый,PUNCT,ADJ
3845,PUNCT,NUM
Жил,PUNCT,VERB
скромно,PUNCT,ADV
милосердным,VERB,ADJ
Внешний,PUNCT,ADJ
облик,PUNCT,NOUN
декора,PUNCT,NOUN
первозданном,NOUN,ADJ
Маркова,ADP,PROPN
приехавших,PUNCT,VERB
Орловской,PUNCT,ADJ
Вятской,NOUN,ADJ
арендовали,PUNCT,VERB
Выйдя,PUNCT,VERB
болгар,PUNCT,NOUN
меньше,ADV,ADJ
всего,PRON,ADV
35000,VERB,NUM
радикально,PUNCT,ADV
дизайн,ADP,NOUN
депортация,ADP,NOUN
ГКО,PUNCT,PROPN
5859,PUNCT,NUM
18,NUM,ADJ
крымские,PUNCT,ADJ
татары,PUNCT,NOUN
Нижнего,PUNCT,ADJ
Аиргуля,PUNCT,PROPN
Среднюю,NOUN,ADJ
Азию,PUNCT,PROPN
Элемент,PUNCT,NOUN
a,X,NOUN
образующим,ADP,VERB
первообразным,NOUN,ADJ
Звёзды,PUNCT,NOUN
также,CCONJ,PART
планетами,ADP,NOUN
и,PART,CCONJ
Музыку,PUNCT,NOUN
написали,PUNCT,VERB
основатели,PUNCT,NOUN
Карякины,PUNCT,PROPN
Львова,PUNCT,PROPN
открытого,ADJ,VERB
Памятной,PUNCT,ADJ
книжке,PUNCT,NOUN
Таврической,PUNCT,ADJ
покинутая,ADP,ADJ
Крымской,NOUN,ADJ
453456,PUNCT,NUM
80215822001,PUNCT,NUM
преобладающие,PUNCT,VERB
русские,ADJ,NOUN
34,PUNCT,NUM
татары,PUNCT,NOUN
baySeq,PUNCT,X
DESeq,PUNCT,X
edgeR,PUNCT,X
NBPSeq,NOUN,X
обратного,PUNCT,ADJ
биномиального,PUNCT,ADJ
распределения,PUNCT,NOUN
избытка,PUNCT,NOUN
дисперсии,PUNCT,NOUN
Держатся,PUNCT,VERB
небольшими,NOUN,ADJ
Наибольшие,PUNCT,ADJ
"5,4",PUNCT,NUM
энергетического,PUNCT,ADJ
потенциала,PUNCT,NOUN
звучания,PUNCT,NOUN
непродолжительным,VERB,ADJ
авторские,PUNCT,ADJ
располагаются,PUNCT,VERB
читальные,PUNCT,ADJ
1926-33,NOUN,ADJ
Коллегии,PUNCT,NOUN
ЦСУ,PUNCT,PROPN
экспериментальной,PUNCT,ADJ
статистической,NOUN,ADJ
методологии,PUNCT,NOUN
1767,NOUN,ADJ
Шарковщина,NOUN,PROPN
Господа,PUNCT,NOUN
твоего,PUNCT,DET
напрасно,PUNCT,ADV
Исх,PUNCT,NOUN
20:7,PUNCT,NUM
15,NUM,ADJ
Капустин,ADJ,PROPN
Яр,NOUN,PROPN
Туа,PUNCT,PROPN
тяжелейший,NOUN,ADJ
нокаут,PUNCT,NOUN
Руис,PUNCT,PROPN
лежал,PUNCT,VERB
возглавляет,PUNCT,VERB
Кончи,PUNCT,PROPN
Минска,PUNCT,PROPN
поступили,PUNCT,VERB
8,NUM,ADJ
заказника,PUNCT,NOUN
спортивно--оздоровительном,NOUN,ADJ
Дружных,PUNCT,PROPN
экологический,ADP,ADJ
российско-финляндского,PUNCT,ADJ
RIFCI,PUNCT,X
рыбные,NOUN,ADJ
запасы,PUNCT,NOUN
первичных,PUNCT,ADJ
маркеров,PUNCT,NOUN
привилегированными,ADP,ADJ
нуждающимися,PUNCT,VERB
привилегий,PUNCT,NOUN
типичный,PUNCT,ADJ
создающий,ADP,VERB
идентификации,PUNCT,NOUN
ассоциирующий,PUNCT,VERB
Николаевскую,NOUN,ADJ
2-му,NOUN,ADJ
разряду,PUNCT,NOUN
Главный,PUNCT,ADJ
киноповествования,PUNCT,NOUN
ребёнком,VERB,NOUN
Имея,PUNCT,VERB
Жолкевского,PUNCT,PROPN
венгерскую,NOUN,ADJ
наёмную,PUNCT,ADJ
конницу,PUNCT,NOUN
венгра,PUNCT,NOUN
Липшеня,PUNCT,PROPN
Ружинский,PUNCT,PROPN
вылазку,ADP,NOUN
направился,NOUN,VERB
казацкий,NOUN,ADJ
челядь,VERB,NOUN
наёмных,NOUN,ADJ
Рорбах,PUNCT,PROPN
Штайнберг,PUNCT,PROPN
Штирия,PUNCT,PROPN
вступила,PUNCT,VERB
коммунистической,PUNCT,ADJ
молодёжи,PUNCT,NOUN
1940-м,NOUN,ADJ
Коммунистической,PUNCT,ADJ
отмечен,PUNCT,VERB
28,ADJ,NUM
горючего,PUNCT,NOUN
устанавливалась,NOUN,VERB
перевернутом,PUNCT,VERB
относительно,ADV,ADP
Халка,PUNCT,PROPN
виновных,ADP,NOUN
обвинил,NOUN,VERB
этом,PRON,DET
Иллюминатов,VERB,NOUN
2012,ADJ,NUM
азербайджанского,ADP,ADJ
Солтана,PUNCT,PROPN
Мигитинова,PUNCT,PROPN
24-11,PUNCT,NUM
венгра,PUNCT,NOUN
Золтана,PUNCT,PROPN
Харчша,PUNCT,PROPN
14-10,PUNCT,NUM
Огого,PUNCT,PROPN
Довольно,PUNCT,ADV
Петербурге,NOUN,PROPN
и,CCONJ,PART
певцами,PUNCT,NOUN
скудной,NOUN,ADJ
также,PART,CCONJ
искривления,PUNCT,NOUN
1,ADJ,NUM
Кокрейн,NOUN,PROPN
Подгорное,PUNCT,PROPN
Allmäe,PUNCT,X
Смеяться,PUNCT,VERB
Разрешается,PUNCT,VERB
Юмористическая,PUNCT,ADJ
разговорного,PUNCT,ADJ
монологи,PUNCT,NOUN
юморески,PUNCT,NOUN
музыкальные,PUNCT,ADJ
также,PART,CCONJ
популярные,VERB,ADJ
промышленных,NOUN,ADJ
различной,PUNCT,ADJ
промышленной,NOUN,ADJ
Исламской,NOUN,ADJ
22,ADJ,NUM
исламские,NOUN,ADJ
массив,PUNCT,NOUN
садовых,PUNCT,ADJ
Сумы,PUNCT,PROPN
Чёрный,PUNCT,ADJ
цвету,PUNCT,NOUN
дополняет,NOUN,VERB
одет,PUNCT,VERB
механический,NOUN,ADJ
костюм,PUNCT,NOUN
Работает,PUNCT,VERB
Соборная,PUNCT,ADJ
арабском,NOUN,ADJ
1470-х,NOUN,ADJ
Брюсселе,NOUN,PROPN
Schloss,NOUN,X
Meppen,PUNCT,X
1833,NOUN,ADJ
что,SCONJ,DET
858,ADP,NUM
304,NOUN,NUM
184,PUNCT,NUM
свёл,PUNCT,VERB
вничью,PUNCT,ADV
370,NOUN,NUM
Удобство,PUNCT,NOUN
якорей,PUNCT,NOUN
том,DET,PRON
Баварского,PUNCT,ADJ
Рупольдинге,NOUN,PROPN
стартовал,PUNCT,VERB
Антерсельве,NOUN,PROPN
Урана,PUNCT,PROPN
Вояджер,PUNCT,PROPN
теснее,PUNCT,ADV
сближался,PUNCT,VERB
Мирандой,NOUN,PROPN
рассматривает,PUNCT,VERB
неэффективности,PUNCT,NOUN
западной,NOUN,ADJ
адаптироваться,PUNCT,VERB
что,SCONJ,PRON
следующему,ADP,ADJ
разностному,NOUN,ADJ
уравнению,PUNCT,NOUN
Прародителем,PUNCT,NOUN
сверхновой,PUNCT,NOUN
сверхгигант,PUNCT,NOUN
имевшая,PUNCT,VERB
массу,PUNCT,NOUN
12,ADJ,NUM
солнечных,NOUN,ADJ
Юрьевич,PUNCT,PROPN
Беляков,PUNCT,PROPN
Жорик,PUNCT,PROPN
Вартанов,PUNCT,PROPN
Рудик,PUNCT,PROPN
также,PART,CCONJ
пятого,PUNCT,ADJ
скетчкома,PUNCT,NOUN
Наша,PUNCT,DET
Russia,PUNCT,X
Арт,PUNCT,PROPN
Хоудс,PUNCT,PROPN
14,NUM,ADJ
Николаев,PUNCT,PROPN
4,NUM,ADJ
юридической,NOUN,ADJ
procfs,VERB,X
UNIX,PUNCT,PROPN
процессами,PUNCT,NOUN
удобный,VERB,ADJ
ptrace,PUNCT,X
Социал-демократической,PUNCT,ADJ
Боснии,PUNCT,PROPN
Герцеговины,NOUN,PROPN
Губернатор,PUNCT,NOUN
1,NUM,ADJ
Абсолютная,PUNCT,ADJ
103,PUNCT,NUM
анаглифические,ADP,ADJ
Общество,ADP,NOUN
ВРОО,PUNCT,NOUN
Громада,PUNCT,NOUN
Рибалок,PUNCT,NOUN
України,PUNCT,PROPN
востоковедения,PUNCT,NOUN
возглавляемого,PUNCT,VERB
Петром,PUNCT,PROPN
Евгеньевичем,PUNCT,PROPN
Казанским,PUNCT,PROPN
Дусинский,VERB,PROPN
знаком,NOUN,ADJ
оплачивают,PUNCT,VERB
питание,PUNCT,NOUN
составит,NOUN,VERB
2000,ADJ,NUM
2500,ADJ,NUM
Рико,PUNCT,PROPN
спасательно-разведывательной,PUNCT,ADJ
врага,PUNCT,NOUN
Сорбенты,PUNCT,NOUN
Баринский,NOUN,PROPN
восхититься,ADP,VERB
и,PART,CCONJ
Президент,NOUN,PROPN
оторвался,PUNCT,VERB
телефонный,ADP,ADJ
Горбачёв,NOUN,PROPN
Чернобыле,NOUN,PROPN
Средние,PUNCT,ADJ
коротких,NOUN,ADJ
черешках,PUNCT,NOUN
сидячие,PUNCT,ADJ
последнем,NOUN,ADJ
куплете,PUNCT,NOUN
несовершеннолетними,VERB,ADJ
внешний,NOUN,ADJ
12,ADJ,NUM
28,ADJ,NUM
"1,34",PUNCT,NUM
Главную,PUNCT,ADJ
Иствуд,PUNCT,PROPN
нетрадиционной,PUNCT,ADJ
нужным,ADP,ADJ
скрывать,NOUN,VERB
Холодную,PUNCT,ADJ
Гору,PUNCT,NOUN
переселилось,PUNCT,VERB
немало,ADV,NUM
бедняков,VERB,NOUN
Нагпур,PUNCT,PROPN
Саугор,PUNCT,PROPN
Нербудда,NOUN,PROPN
Северо-западных,NOUN,ADJ
Центральные,NOUN,ADJ
пуска,PUNCT,NOUN
холодное,NOUN,ADJ
оснащался,PUNCT,VERB
подогрева,PUNCT,NOUN
перелагается,PUNCT,VERB
то,PRON,SCONJ
это,PART,PRON
ценообразующего,NOUN,ADJ
фактора,PUNCT,NOUN
также,CCONJ,PART
обязательный,NOUN,ADJ
Q,PUNCT,NOUN
квалификация,PUNCT,NOUN
q,PUNCT,NOUN
квалификация,PUNCT,NOUN
NR,PUNCT,PROPN
PB,PUNCT,PROPN
личный,PUNCT,ADJ
SB,PUNCT,PROPN
DNF,PUNCT,PROPN
его,DET,PRON
съемки,PUNCT,NOUN
детективов,ADP,NOUN
Майклу,PUNCT,PROPN
Хэнсакеру,PUNCT,PROPN
Эткинс,PUNCT,PROPN
Мертау,ADP,PROPN
отдать,NOUN,VERB
долг,VERB,NOUN
спасенную,NOUN,VERB
Вьетнаме,NOUN,PROPN
наказать,NOUN,VERB
убийц,PUNCT,NOUN
пирамиды,PUNCT,NOUN
Хеопса,PUNCT,PROPN
коммунистический,NOUN,ADJ
наносил,PUNCT,VERB
урон,PUNCT,NOUN
врагу,PUNCT,NOUN
Ярцева,NOUN,PROPN
Великая,PUNCT,ADJ
возьмет,PUNCT,VERB
плацента,VERB,NOUN
пока,SCONJ,ADV
неполную,ADP,ADJ
Эмиль,PUNCT,PROPN
Грандитс,PUNCT,PROPN
Birds,PUNCT,X
Steel,PUNCT,X
авиасимулятор,PUNCT,NOUN
Gaijin,PUNCT,X
внятного,ADP,ADJ
Ющенко,ADP,PROPN
и,PART,CCONJ
ближайшими,NOUN,ADJ
Социалистической,PUNCT,ADJ
Мороза,PUNCT,PROPN
Камышевского,PUNCT,ADJ
Лоррен,PUNCT,PROPN
Поль,PUNCT,PROPN
Дюваль,PUNCT,PROPN
Фёкан,PUNCT,PROPN
Сена,PUNCT,PROPN
30,NUM,ADJ
1906,PUNCT,ADJ
символистской,PUNCT,ADJ
151,PUNCT,NUM
Госзеленстрое,NOUN,PROPN
Отделе,PUNCT,NOUN
Моссовета,PUNCT,PROPN
Коминтерна,PUNCT,PROPN
Профинтерна,PUNCT,PROPN
Крестьянской,PUNCT,ADJ
Сингл,PUNCT,NOUN
mon,PUNCT,X
mon,PUNCT,X
25-й,ADP,ADJ
Billboard,NOUN,X
Эд,NOUN,PROPN
Шэри,NOUN,PROPN
продюсеров,PUNCT,NOUN
หีบ,PUNCT,ADV
хип,PUNCT,X
ящик,PUNCT,NOUN
хо,PUNCT,PROPN
41-я,PUNCT,ADJ
буква,PUNCT,NOUN
тайского,PUNCT,ADJ
алфавита,PUNCT,NOUN
было,AUX,VERB
350,VERB,NUM
188,PUNCT,NUM
гранатомётчиков,PUNCT,NOUN
288,PUNCT,NUM
тяжёлых,PUNCT,ADJ
Аксу,PUNCT,PROPN
Шуском,NOUN,ADJ
Жамбылской,PUNCT,ADJ
Колхида,PUNCT,PROPN
продолжают,PUNCT,VERB
морских,NOUN,ADJ
пассажирских,PUNCT,ADJ
перевозках,PUNCT,NOUN
Тирренскому,NOUN,ADJ
Volaviamare,PUNCT,X
Alilauro,PUNCT,X
VETOR,PUNCT,X
Aliscafi,PUNCT,X
др,ADJ,NOUN
Эгейскому,NOUN,ADJ
Ионическому,NOUN,ADJ
морям,PUNCT,NOUN
Hellenic,PUNCT,X
Seaways,PUNCT,X
Paxos,PUNCT,X
SA,PUNCT,X
Saronic,PUNCT,X
Dolphins,PUNCT,X
др,ADJ,NOUN
Таиланде,PUNCT,PROPN
туристических,NOUN,ADJ
линиях,PUNCT,NOUN
Танзании,PUNCT,PROPN
Вьетнаме,PUNCT,PROPN
Отсюда,PUNCT,ADV
этнографическим,NOUN,ADJ
деталям,PUNCT,NOUN
их,PRON,DET
быта,VERB,NOUN
купеческий,PUNCT,ADJ
обиход,PUNCT,NOUN
Бедности,PUNCT,NOUN
порок,VERB,NOUN
Островского,PUNCT,PROPN
антилоп,PUNCT,NOUN
Scorpion,PUNCT,X
Megadeth,PUNCT,X
System,PUNCT,X
Has,PUNCT,X
Failed,PUNCT,X
16,NUM,ADJ
содержащие,PUNCT,VERB
трубопроводной,PUNCT,ADJ
Восточная,PUNCT,ADJ
ВСТО,PUNCT,PROPN
Транснефть,PUNCT,PROPN
Каонабо,PUNCT,PROPN
индейского,PUNCT,ADJ
Эспаньоле,PUNCT,PROPN
Анакаона,PUNCT,PROPN
также,PART,CCONJ
касики,VERB,NOUN
Гуарионекс,ADP,PROPN
Майобанекс,PUNCT,PROPN
Котубано,PUNCT,PROPN
Энрикильо,NOUN,PROPN
снукеристов,PUNCT,NOUN
2005/2006,PUNCT,NUM
рейтинговых,PUNCT,ADJ
набранных,PUNCT,VERB
снукеристами,PUNCT,NOUN
2004/05,NOUN,NUM
определяющим,ADP,VERB
сеяных,NOUN,ADJ
рейтинговые,NOUN,ADJ
Концертировал,PUNCT,VERB
1833,PUNCT,ADJ
Лорцинг,PUNCT,PROPN
выступают,PUNCT,VERB
Городского,PUNCT,ADJ
Лейпцига,PUNCT,PROPN
играют,PUNCT,VERB
его,PRON,DET
Последнее,PUNCT,ADJ
интенсивностью,PUNCT,NOUN
27,NUM,ADJ
Лечился,PUNCT,VERB
Некрасово,PUNCT,PROPN
Мосолово,PUNCT,PROPN
Дылдино,NOUN,PROPN
Постоянно,PUNCT,ADV
составную,ADP,ADJ
Гасконских,PUNCT,ADJ
кадетов,PUNCT,NOUN
Кистендей,PUNCT,PROPN
7,NUM,ADJ
Завоевание,PUNCT,NOUN
открытая,VERB,ADJ
диктатура,ADP,NOUN
что,SCONJ,PRON
сплочённого,PUNCT,VERB
христианскими,PUNCT,ADJ
идеалами,PUNCT,NOUN
Взяв,PUNCT,VERB
покемона,VERB,NOUN
украденного,PUNCT,VERB
Дюкинга,NOUN,PROPN
Вэс,PUNCT,PROPN
возвращает,PUNCT,VERB
владельцу,VERB,NOUN
короткое,NOUN,ADJ
1730,NOUN,ADJ
Австрию,NOUN,PROPN
Австрофашизм,PUNCT,NOUN
Дольфуса,PUNCT,PROPN
тенденцию,ADP,NOUN
католической,NOUN,ADJ
отвергал,NOUN,VERB
Авария,PUNCT,NOUN
горизонтального,PUNCT,ADJ
катапультировался,PUNCT,VERB
Насьональ,PUNCT,PROPN
выпустился,NOUN,VERB
Чилийского,NOUN,ADJ
Принимая,PUNCT,VERB
Варавы,PUNCT,PROPN
нанёс,PUNCT,VERB
Финч,PUNCT,PROPN
Оскаром,PUNCT,PROPN
Элета,PUNCT,PROPN
существовавших,PUNCT,VERB
караимских,NOUN,ADJ
кенасах,PUNCT,NOUN
обучалось,PUNCT,VERB
458,PUNCT,NUM
учительский,PUNCT,ADJ
контингент,PUNCT,NOUN
бонусные,NOUN,ADJ
Fire,PUNCT,X
Burns,PUNCT,X
Forever,PUNCT,X
SP,PUNCT,X
Raise,NOUN,X
Hammer,PUNCT,X
Live,PUNCT,X
Мензелинского,PUNCT,ADJ
24,NUM,ADJ
Сэйю,PUNCT,NOUN
Юкана,PUNCT,PROPN
4336,PUNCT,NUM
Диагностика,PUNCT,NOUN
стеноза,PUNCT,NOUN
эндотрахеальной,NOUN,ADJ
трубки,PUNCT,NOUN
Сражение,PUNCT,NOUN
Вау,NOUN,PROPN
необходимостью,ADP,NOUN
базы,PUNCT,NOUN
Вау,NOUN,PROPN
союзники,VERB,NOUN
японским,NOUN,ADJ
позициям,PUNCT,NOUN
Соломонауа,NOUN,PROPN
уникальную,ADP,ADJ
тренинга,PUNCT,NOUN
2004/2005,PUNCT,ADJ
Рензинг,PUNCT,PROPN
полноценных,NOUN,ADJ
достойная,VERB,ADJ
Кану,PUNCT,PROPN
шёл,PUNCT,VERB
обрывочных,NOUN,ADJ
образов,PUNCT,NOUN
словосочетаний,PUNCT,NOUN
связующим,PUNCT,VERB
звеном,PUNCT,NOUN
переработанное,ADP,VERB
заговор,PUNCT,NOUN
Ходит,PUNCT,VERB
покойничек,PUNCT,NOUN
покойничек,ADP,NOUN
мертвее,NOUN,ADJ
Летова,NOUN,PROPN
дурачок,PUNCT,NOUN
ища,PUNCT,VERB
кого-нибудь,PUNCT,PRON
глупее,PUNCT,ADJ
Александры,PUNCT,PROPN
Осиповны,PUNCT,PROPN
Смирновой,PUNCT,PROPN
Ордуспор,PUNCT,PROPN
Орду,PUNCT,PROPN
выступающий,PUNCT,VERB
Турецкой,NOUN,ADJ
Суперлиге,PUNCT,NOUN
орловских,NOUN,ADJ
рысаков,PUNCT,NOUN
1,ADJ,NUM
1067,PUNCT,NUM
Аллен,PUNCT,PROPN
Рош,PUNCT,PROPN
GameSpy,PUNCT,X
посчитал,NOUN,VERB
отпугнуть,NOUN,VERB
King&#39;&#39;s,NOUN,X
Bounty,PUNCT,X
Покровский,PUNCT,PROPN
1808,NOUN,ADJ
воспитывался,NOUN,VERB
1823,NOUN,ADJ
Казанский,NOUN,ADJ
28-го,PUNCT,ADJ
28-го,ADP,ADJ
1826,PUNCT,ADJ
Педагогическому,NOUN,ADJ
Институту,PUNCT,NOUN
состоявшему,PUNCT,VERB
Сформирован,PUNCT,VERB
Эдуардо,PUNCT,PROPN
как,SCONJ,ADP
финансовый,NOUN,ADJ
растущий,ADP,VERB
это,PART,PRON
Гайтукаев,PUNCT,PROPN
Восточно-Сибирского,PUNCT,ADJ
Новиковым,PUNCT,PROPN
клиентуры,PUNCT,NOUN
20,NUM,ADJ
1802,PUNCT,ADJ
Таврической,PUNCT,ADJ
Шура,PUNCT,PROPN
Алуштинской,PUNCT,ADJ
Симферопольского,PUNCT,ADJ
FM,PROPN,NOUN
Трубецкой,PUNCT,PROPN
предвыборная,NOUN,ADJ
новейшего,PUNCT,ADJ
Историко-архивного,PUNCT,ADJ
Российского,PUNCT,ADJ
гуманитарного,NOUN,ADJ
старинной,NOUN,ADJ
масляные,PUNCT,ADJ
лаки,PUNCT,NOUN
занимали,PUNCT,VERB
как,ADV,SCONJ
и,CCONJ,PART
Бастион,PUNCT,PROPN
Ильичёвска,NOUN,PROPN
Дрейфуса,PUNCT,PROPN
Руссо,PUNCT,PROPN
публично,PUNCT,ADV
отстаивал,PUNCT,VERB
его,PRON,DET
невиновность,VERB,NOUN
способные,PUNCT,ADJ
увеличиваться,PUNCT,VERB
нагнетаемого,PUNCT,VERB
Онохи,PUNCT,PROPN
принадлежащего,PUNCT,VERB
Матида,PUNCT,PROPN
выбранного,PUNCT,VERB
затраченное,PUNCT,VERB
РЛС,PUNCT,PROPN
EIO,PUNCT,X
обслуживает,PUNCT,VERB
JetDirect,PUNCT,X
также,PART,CCONJ
жесткие,VERB,ADJ
EIO,PUNCT,X
EIO,PUNCT,X
подключений,PUNCT,NOUN
Тренер,PUNCT,NOUN
опытных,PUNCT,ADJ
футболистов,PUNCT,NOUN
Кирилла,PUNCT,PROPN
Доронина,PUNCT,PROPN
Валерия,PUNCT,PROPN
Фадеева,PUNCT,PROPN
Динамо,PROPN,NOUN
спартаковца,PUNCT,NOUN
Варламова,PUNCT,PROPN
247,PUNCT,NUM
привлечено,NOUN,VERB
военно-полевому,NOUN,ADJ
аратами,VERB,NOUN
109,PUNCT,NUM
ламами,PUNCT,NOUN
27223,PUNCT,NUM
Катериновка,PUNCT,PROPN
Немовичский,NOUN,ADJ
Сарненского,PUNCT,ADJ
Ровненской,PUNCT,ADJ
Этим,PUNCT,DET
устанавливалась,PUNCT,VERB
окружная,PUNCT,ADJ
районная,NOUN,ADJ
Кабинета,PUNCT,NOUN
ясная,ADP,ADJ
солнечная,NOUN,ADJ
Подавление,PUNCT,NOUN
обратного,PUNCT,ADJ
серотонина,PUNCT,NOUN
серотонинергическую,ADP,ADJ
что,SCONJ,PRON
последующему,NOUN,ADJ
торможению,PUNCT,NOUN
адренергической,PUNCT,ADJ
голубом,NOUN,ADJ
ядре,PUNCT,NOUN
locus,PUNCT,X
ceruleus,PUNCT,X
Апостольской,PUNCT,ADJ
Датарии,PUNCT,PROPN
стоял,PUNCT,VERB
продатарий,PUNCT,NOUN
датарий,ADP,NOUN
управляющий,PUNCT,VERB
Датарией,PUNCT,PROPN
Раудускуланские,PUNCT,ADJ
Porta,PUNCT,X
Raudusculana,PUNCT,X
Сервиевой,PUNCT,ADJ
древнего,PUNCT,ADJ
Шевре,PUNCT,PROPN
15,NUM,ADJ
5,NUM,ADJ
моралист,PUNCT,NOUN
ПкиО,PUNCT,NOUN
Дубки,PUNCT,NOUN
смотр,ADP,NOUN
конкурс,PUNCT,NOUN
эстрадных,PUNCT,ADJ
ансамблей,PUNCT,NOUN
циркового,PUNCT,ADJ
Би́тва,PUNCT,NOUN
Шоле́,NOUN,PROPN
вандейцев,PUNCT,NOUN
республиканскими,NOUN,ADJ
Вандейского,PUNCT,ADJ
мятежа,PUNCT,NOUN
состоявшееся,PUNCT,VERB
Шоле,NOUN,PROPN
закончившееся,NOUN,VERB
Учение,PUNCT,NOUN
Метафизике,PUNCT,NOUN
сей,NOUN,DET
Гиорги,PUNCT,PROPN
безобразен,VERB,ADJ
всем,DET,PRON
и,PART,CCONJ
неподходящим,VERB,ADJ
грубым,PUNCT,ADJ
неспособным,PUNCT,ADJ
крестьянских,NOUN,ADJ
калекой,VERB,NOUN
Достопримечательностями,PUNCT,NOUN
пожарную,ADP,ADJ
шасси,PUNCT,NOUN
недостроенный,NOUN,VERB
пивзавод,PUNCT,NOUN
Коптогай,PUNCT,PROPN
Курмангазинском,NOUN,ADJ
Атырауской,PUNCT,ADJ
Шимский,PUNCT,ADJ
Гарольда,PUNCT,PROPN
Алиса,PUNCT,PROPN
Пашка,NOUN,PROPN
встретились,PUNCT,VERB
неандертальцев,PUNCT,NOUN
их,DET,PRON
радушно,VERB,ADV
увидев,NOUN,VERB
фотографию,PUNCT,NOUN
Гарольда,PUNCT,PROPN
узнали,PUNCT,VERB
страшного,VERB,ADJ
Четырёхглазого,ADP,PROPN
чьё,PUNCT,DET
царство,PUNCT,NOUN
ниже,ADP,ADV
и,PART,CCONJ
чьи,VERB,DET
захватывая,PUNCT,VERB
"908,8",PUNCT,NUM
221331,PUNCT,NUM
акров,PUNCT,NOUN
346,NOUN,NUM
базы,PUNCT,NOUN
специальное,ADP,ADJ
автобусное,NOUN,ADJ
шасси,PUNCT,NOUN
разработанное,PUNCT,VERB
КамАЗе,NOUN,PROPN
КамАЗ,PUNCT,PROPN
5297,PUNCT,NUM
Твой,PUNCT,DET
крыса,PUNCT,NOUN
космического,PUNCT,ADJ
автобуса,PUNCT,NOUN
и,CCONJ,PART
формате,PUNCT,NOUN
ВАЛЛ,PUNCT,PROPN
И,CCONJ,PROPN
драка,ADP,NOUN
Важарова,VERB,PROPN
Александрова,NOUN,PROPN
зарезал,PUNCT,VERB
ножом,PUNCT,NOUN
неизвестный,PUNCT,NOUN
Становился,PUNCT,VERB
ЧГК,NOUN,PROPN
2008,ADJ,NUM
Брейн-рингу,NOUN,PROPN
Анара,PUNCT,PROPN
Азимова,PUNCT,PROPN
"38,17",PUNCT,NUM
судимость,PUNCT,NOUN
половой,NOUN,ADJ
неприкосновенности,PUNCT,NOUN
несовершеннолетних,PUNCT,NOUN
быть,AUX,VERB
неснятой,VERB,ADJ
непогашенной,NOUN,ADJ
Беспорядки,PUNCT,NOUN
Энфильде,NOUN,PROPN
социальные,NOUN,ADJ
Судислав,PUNCT,PROPN
Ярославичами,ADP,PROPN
1059,NOUN,ADJ
постригли,NOUN,VERB
1063,NOUN,ADJ
том,DET,PRON
Предположительной,PUNCT,ADJ
Pulex,PUNCT,X
оригинальными,VERB,ADJ
хозяевами,ADP,NOUN
были,VERB,AUX
пекари,ADP,NOUN
морские,NOUN,ADJ
свинки,PUNCT,NOUN
Озерского,PUNCT,ADJ
2001/02,PUNCT,ADJ
норильчанам,ADP,NOUN
чемпионами,ADP,NOUN
её,DET,PRON
мочекислого,NOUN,ADJ
это,PRON,DET
синтезируют,PUNCT,VERB
Водяное,NOUN,ADJ
Раховском,NOUN,ADJ
вобрал,PUNCT,VERB
лучшее,ADJ,NOUN
невключённая,PUNCT,ADJ
община,PUNCT,NOUN
Беверхэд,PUNCT,PROPN
Монтана,PUNCT,PROPN
3324,ADP,NUM
цепляясь,PUNCT,VERB
кормовой,PUNCT,ADJ
отломившейся,PUNCT,VERB
когда,ADV,SCONJ
пошел,PUNCT,VERB
Валерия,PUNCT,PROPN
Алексеевича,PUNCT,PROPN
его,PRON,DET
вдова,VERB,NOUN
Рудольфовна,PUNCT,PROPN
Янус,PUNCT,PROPN
Вадиму,PUNCT,PROPN
Абрамовичу,PUNCT,PROPN
Сидуру,PUNCT,PROPN
Прототипом,PUNCT,NOUN
Виктора,PUNCT,PROPN
Мотыля,PUNCT,PROPN
Брумель,PUNCT,PROPN
участвовавший,PUNCT,VERB
Колокотрони,PUNCT,PROPN
Трупакис,NOUN,PROPN
организовывают,PUNCT,VERB
Заракова,NOUN,PROPN
хода,PUNCT,NOUN
Сено,PUNCT,PROPN
Буркина,PUNCT,PROPN
Фасо,PUNCT,PROPN
текстильной,NOUN,ADJ
сельфактор,ADP,NOUN
обеспечивший,PUNCT,VERB
механизацию,PUNCT,NOUN
прядильных,PUNCT,ADJ
предполагается,NOUN,VERB
передние,NOUN,ADJ
лапы,PUNCT,NOUN
Церемониал,PUNCT,NOUN
посвящения,PUNCT,NOUN
совершался,PUNCT,VERB
милостиею,PUNCT,NOUN
Божиею,PUNCT,ADJ
избрание,PUNCT,NOUN
коронация,VERB,NOUN
Древней,NOUN,ADJ
повесть,PUNCT,NOUN
означала,PUNCT,VERB
прозаическое,VERB,ADJ
поэтического,NOUN,ADJ
Шэннин,PUNCT,PROPN
Джоша,PUNCT,PROPN
Хартнетта,PUNCT,PROPN
романтической,NOUN,ADJ
альпийском,NOUN,ADJ
горно-таёжном,NOUN,ADJ
поясах,PUNCT,NOUN
каровые,PUNCT,ADJ
моренно-подпрудные,PUNCT,ADJ
рождённые,NOUN,VERB
горными,PUNCT,ADJ
обвалами,PUNCT,NOUN
владея,PUNCT,VERB
нераздельно,PUNCT,ADV
отцовским,PUNCT,ADJ
состоянием,PUNCT,NOUN
затеял,PUNCT,VERB
датскому,ADP,ADJ
Менетриэ,PUNCT,PROPN
Аннотированный,PUNCT,VERB
каталог,PUNCT,NOUN
зоологии,PUNCT,NOUN
собранных,PUNCT,VERB
Кавказу,NOUN,PROPN
принесли,PUNCT,VERB
Немецкой,PUNCT,ADJ
DDP,PUNCT,X
Кёлер,NOUN,PROPN
​,NOUN,X
​,PUNCT,X
Справа,PUNCT,ADV
последователи,ADP,NOUN
Тренер,PUNCT,NOUN
Халифмана,PUNCT,PROPN
Огромное,PUNCT,ADJ
оказали,NOUN,VERB
знакомство,PUNCT,NOUN
женитьба,PUNCT,NOUN
последующая,NOUN,ADJ
самоубийство,PUNCT,NOUN
Сиддал,PUNCT,PROPN
зеленый,ADP,ADJ
длинной,VERB,ADJ
бородой,ADP,NOUN
нигде,ADP,ADV
Волшебной,NOUN,ADJ
cantus,PUNCT,X
firmus,PUNCT,X
cantus,PUNCT,X
prius,PUNCT,X
factus,PUNCT,X
лат.,PUNCT,ADJ
напев,ADP,NOUN
заимствовано,PUNCT,VERB
Анонима,PUNCT,NOUN
IV,ADJ,X
cantus,PUNCT,X
vel,PUNCT,X
tenor,PUNCT,X
est,PUNCT,X
primus,PUNCT,X
cantus,PUNCT,X
primo,PUNCT,X
procreatus,PUNCT,X
vel,PUNCT,X
factus,PUNCT,X
кантус,PUNCT,NOUN
это,PRON,PART
первичный,VERB,ADJ
напев,ADP,NOUN
сделанный,NOUN,VERB
выловила,PUNCT,VERB
сожгла,NOUN,VERB
одного,NUM,DET
подпольных,NOUN,ADJ
проповедников,PUNCT,NOUN
журналу,PUNCT,NOUN
Огонек,PUNCT,NOUN
конфликтовала,PUNCT,VERB
мэрии,PUNCT,NOUN
Сергеем,PUNCT,PROPN
Цоем,PUNCT,PROPN
Гирса,PUNCT,PROPN
видный,PUNCT,ADJ
министр,PUNCT,NOUN
Козловский,PUNCT,PROPN
наркомата,PUNCT,NOUN
преступлением,ADP,NOUN
важным,NOUN,ADJ
налагается,PUNCT,VERB
немыслим,VERB,ADJ
лишение,VERB,NOUN
т.,PRON,ADV
Поняв,PUNCT,VERB
вернутся,PUNCT,VERB
Хокон,PUNCT,PROPN
устраивает,PUNCT,VERB
Хадзимэ,ADP,PROPN
Кикути,NOUN,PROPN
Джой,PUNCT,PROPN
Нейтом,NOUN,PROPN
Йеттоном,PUNCT,PROPN
Выборгский,VERB,ADJ
Алвара,PUNCT,PROPN
Аалто,PUNCT,PROPN
Монрепо,PUNCT,PROPN
Гарпуны,PUNCT,NOUN
ожесточенной,PUNCT,ADJ
Гнездятся,PUNCT,VERB
выдолбить,NOUN,VERB
дупло,PUNCT,NOUN
старые,ADP,ADJ
дятлов,PUNCT,NOUN
естественные,ADP,ADJ
HD,PROPN,NOUN
сокращение,PUNCT,NOUN
Heavy,PUNCT,X
Duty,PUNCT,X
усиленная,PUNCT,ADJ
Труднее,PUNCT,ADJ
гарнизона,PUNCT,NOUN
усиленную,PUNCT,ADJ
прикрытого,PUNCT,ADJ
разрезным,NOUN,ADJ
гласисом,PUNCT,NOUN
Дуглас,PUNCT,PROPN
губернатором,VERB,NOUN
Берика,ADP,PROPN
вторжений,PUNCT,NOUN
1174,ADP,NUM
многолетней,NOUN,ADJ
вырубки,PUNCT,NOUN
плантациями,PUNCT,NOUN
популяциям,PUNCT,NOUN
охотники,PUNCT,NOUN
Изабелла,PUNCT,PROPN
собралась,PUNCT,VERB
ехать,PUNCT,VERB
включающие,PUNCT,VERB
ритуальную,PUNCT,ADJ
чашечку,PUNCT,NOUN
саке,PUNCT,NOUN
белую,PUNCT,ADJ
повязку,PUNCT,NOUN
Злая,PUNCT,ADJ
щука,PUNCT,NOUN
задумав,PUNCT,VERB
погубить,PUNCT,VERB
рыбака,PUNCT,NOUN
рассказала,PUNCT,VERB
задания,PUNCT,NOUN
разведчиками,PUNCT,NOUN
оберштурмфюрер,ADP,NOUN
Будберг,NOUN,PROPN
невиновность,ADP,NOUN
Гриезе,NOUN,PROPN
рассказать,NOUN,VERB
Гартмана,NOUN,PROPN
Пауля,PUNCT,PROPN
Наглу,PUNCT,PROPN
внедрён,PUNCT,VERB
красноармейцев,PUNCT,NOUN
22-летний,PUNCT,ADJ
Ледли,PUNCT,PROPN
вывел,PUNCT,VERB
Уэльса,PUNCT,PROPN
капитанской,NOUN,ADJ
повязкой,PUNCT,NOUN
что,SCONJ,PRON
сделало,NOUN,VERB
его,DET,PRON
национальной,PUNCT,ADJ
откорректировано,PUNCT,VERB
Кардифф,PUNCT,PROPN
Сити,PROPN,NOUN
выведен,PUNCT,VERB
самостоятельный,NOUN,ADJ
Высший,PUNCT,ADJ
аттестационный,PUNCT,ADJ
ВАК,PUNCT,PROPN
Климов,PUNCT,PROPN
генерал-инспектором,ADP,NOUN
истребительной,NOUN,ADJ
генерал-инспектор,PUNCT,NOUN
эстрада,ADP,NOUN
снесена,PUNCT,VERB
выстроен,PUNCT,VERB
павших,VERB,NOUN
Арбузова,PUNCT,PROPN
схематично,PUNCT,ADV
воспроизводившей,PUNCT,VERB
Идиота,PUNCT,NOUN
вакуумной,NOUN,ADJ
давление,VERB,NOUN
измеряют,ADP,VERB
опуская,PUNCT,VERB
ртутного,PUNCT,ADJ
естественный,PUNCT,ADJ
микронам,PUNCT,NOUN
как,SCONJ,ADP
ртутного,PUNCT,ADJ
10,NUM,ADJ
несогласованная,ADP,ADJ
533,NOUN,ADJ
византийский,PUNCT,ADJ
Юстиниан,PUNCT,PROPN
использую,PUNCT,VERB
династические,PUNCT,ADJ
вандалов,PUNCT,NOUN
как,SCONJ,ADP
посылает,PUNCT,VERB
Велизария,PUNCT,PROPN
Африку,NOUN,PROPN
Лирика,PUNCT,NOUN
извращениям,PUNCT,NOUN
также,PART,CCONJ
неприемлемым,NOUN,ADJ
вещам,PUNCT,NOUN
сатанизму,PUNCT,NOUN
садизму,PUNCT,NOUN
бешенству,PUNCT,NOUN
оккультизму,PUNCT,NOUN
фашизму,PUNCT,NOUN
порнографии,PUNCT,NOUN
вампиризму,PUNCT,NOUN
фетишизму,PUNCT,NOUN
БДСМ,PUNCT,NOUN
т.,PRON,ADV
сломался,PUNCT,VERB
лететь,PUNCT,VERB
знаменовала,PUNCT,VERB
Гангутском,NOUN,ADJ
скорострельной,VERB,ADJ
Круппа,PUNCT,PROPN
несколько,NUM,ADV
портило,NOUN,VERB
Непобедимыми,PUNCT,ADJ
Вирес,PUNCT,PROPN
Юрьё,NOUN,PROPN
Хиетанен,PUNCT,PROPN
Передача,PUNCT,NOUN
Дании,NOUN,PROPN
Тевтонскому,PUNCT,ADJ
ордену,PUNCT,NOUN
1,NUM,ADJ
1346,PUNCT,ADJ
и,CCONJ,PART
Единой,PUNCT,ADJ
уничтожены,PUNCT,VERB
индийским,PUNCT,ADJ
истребителем,PUNCT,NOUN
10,NUM,ADJ
Монгла,PUNCT,PROPN
плоды,ADP,NOUN
скрытые,ADJ,VERB
10х10,PUNCT,NUM
Бейсин,PUNCT,PROPN
1182,PUNCT,NUM
13,NUM,ADJ
накануне,PUNCT,ADP
вступления,PUNCT,NOUN
корниловцев,PUNCT,NOUN
Цон,PUNCT,PROPN
Знаменка,PUNCT,PROPN
Орлом,NOUN,PROPN
наступавшими,PUNCT,VERB
Кром,PUNCT,PROPN
и,CCONJ,PART
коммунистический,NOUN,ADJ
Медведева,PUNCT,PROPN
японском,NOUN,ADJ
тиби,PUNCT,NOUN
элитсеменхоза,PUNCT,NOUN
Гомельская,PUNCT,ADJ
Климовка,PUNCT,PROPN
Клоун,PUNCT,NOUN
Литлчап,PUNCT,PROPN
уверен,PUNCT,ADJ
достоин,NOUN,ADJ
большего,ADJ,NOUN
разъездная,NOUN,ADJ
циркового,PUNCT,ADJ
артиста,PUNCT,NOUN
Новотро́ицка,PUNCT,PROPN
Новотроицк,PUNCT,PROPN
Музыку,PUNCT,NOUN
Крылатов,PUNCT,PROPN
Фильмы,PUNCT,NOUN
KkcTebou,PUNCT,X
TV,PUNCT,X
Channel,PUNCT,X
католики,VERB,NOUN
помещают,ADP,VERB
Виа,PUNCT,PROPN
Долороза,PUNCT,PROPN
Баатр,PUNCT,PROPN
Басангов,PUNCT,PROPN
подготовил,PUNCT,VERB
подстрочный,PUNCT,ADJ
калмыцкого,PUNCT,ADJ
эпоса,PUNCT,NOUN
Джангар,PUNCT,PROPN
Семён,ADP,PROPN
Липкин,NOUN,PROPN
увековечена,PUNCT,VERB
множеством,PUNCT,NOUN
картин,PUNCT,NOUN
Пронино,PUNCT,PROPN
Гридино,PUNCT,PROPN
Илюшкино,PUNCT,PROPN
Назначаются,PUNCT,VERB
Премиум,PUNCT,NOUN
фирменных,NOUN,ADJ
Эйнар,PUNCT,PROPN
Кристиансен,PUNCT,PROPN
датский,PUNCT,ADJ
Оркестром,PUNCT,NOUN
дирижировал,PUNCT,VERB
César,PUNCT,X
Mendoza,PUNCT,X
Lasalle,PUNCT,X
Финский,PUNCT,ADJ
добровольческий,PUNCT,ADJ
также,CCONJ,PART
Финский,NOUN,ADJ
Нордост,PUNCT,PROPN
добровольческое,PUNCT,ADJ
состоявшее,PUNCT,VERB
финских,NOUN,ADJ
добровольцев,PUNCT,NOUN
чистоты,PUNCT,NOUN
Кодама,PUNCT,PROPN
правым,VERB,ADJ
ультранационалистом,ADP,NOUN
контактов,PUNCT,NOUN
подавить,NOUN,VERB
трудовые,PUNCT,ADJ
сочувствующих,ADP,VERB
иными,NOUN,ADJ
социалистическими,NOUN,ADJ
перпендикулярно,ADP,ADV
Лермонтовского,NOUN,ADJ
проспекта,PUNCT,NOUN
Жулебинского,NOUN,ADJ
бульвара,PUNCT,NOUN
Поэтому,SCONJ,ADV
установленному,NOUN,VERB
пирамиды,PUNCT,NOUN
т.,PRON,SCONJ
сойтись,ADP,VERB
Службу,PUNCT,NOUN
5,NUM,ADJ
резервное,NOUN,ADJ
15282,ADP,NUM
отвар,VERB,NOUN
Омелен,PUNCT,PROPN
Вискален,PUNCT,PROPN
применялись,PUNCT,VERB
сосудорасширяющее,NOUN,ADJ
средство,PUNCT,NOUN
этого,DET,PRON
направить,ADP,VERB
китайцам,PUNCT,NOUN
огибая,PUNCT,VERB
Уссури,PUNCT,PROPN
выдвигающейся,NOUN,VERB
уничтожив,PUNCT,VERB
роту,PUNCT,NOUN
Нобрис,PUNCT,PROPN
Базальное,PUNCT,ADJ
тельце,PUNCT,NOUN
микротрубочек,PUNCT,NOUN
ЦОМТ,PUNCT,PROPN
аксонемы,PUNCT,NOUN
танцевальные,ADP,ADJ
мистера,PUNCT,NOUN
останавливают,PUNCT,VERB
дерущиеся,PUNCT,VERB
Твик,PUNCT,PROPN
окно,ADP,NOUN
мистер,VERB,NOUN
Адлер,ADP,PROPN
отключает,NOUN,VERB
станок,PUNCT,NOUN
слишко,VERB,ADV
много,NUM,ADV
балуетесь,NOUN,VERB
Кечского,PUNCT,ADJ
машинного,PUNCT,ADJ
HawkEye,PUNCT,X
1600,PUNCT,NUM
UID,PUNCT,X
Visionscape,PUNCT,X
подсветки,PUNCT,NOUN
NERLITE,PUNCT,X
Скулкрафтов,NOUN,PROPN
был,AUX,VERB
семейного,NOUN,ADJ
чтения,PUNCT,NOUN
и,CCONJ,PART
этим,PRON,DET
административное,PUNCT,ADJ
деление,PUNCT,NOUN
быть,VERB,AUX
реорганизовано,ADP,VERB
моноязычными,ADP,ADJ
Улугбека,PUNCT,PROPN
Средней,PUNCT,ADJ
колхозника,PUNCT,NOUN
Совет,PUNCT,NOUN
присяжных,PUNCT,ADJ
поверенных,PUNCT,NOUN
удовлетворил,PUNCT,VERB
Зимней,PUNCT,ADJ
прогрессивная,NOUN,ADJ
Гайаны,PUNCT,PROPN
НППГ,PUNCT,PROPN
левая,PUNCT,ADJ
Гайане,NOUN,PROPN
Готовая,PUNCT,ADJ
фигурка,PUNCT,NOUN
покрывается,PUNCT,VERB
"999,9-й",PUNCT,ADJ
пробы,PUNCT,NOUN
мое,ADP,DET
Тамега,PUNCT,PROPN
Вышивки,PUNCT,NOUN
Полесья,PUNCT,PROPN
четкие,NOUN,ADJ
Гран-при,PUNCT,NOUN
восьмой,PUNCT,ADJ
Формула,PUNCT,NOUN
вражды,PUNCT,NOUN
исчезла,PUNCT,VERB
расцвёл,NOUN,VERB
воссияв,PUNCT,VERB
доброго,PUNCT,ADJ
Волновахе,NOUN,PROPN
упорные,ADP,ADJ
ВСЮР,PUNCT,PROPN
Революционной,PUNCT,ADJ
повстанческой,PUNCT,ADJ
махновцев,PUNCT,NOUN
Ла,PROPN,PART
Исабела,PUNCT,PROPN
европейской,ADP,ADJ
кратковременного,ADP,ADJ
этом,PRON,DET
форта,PUNCT,NOUN
Ла,PROPN,PART
Навидад,PUNCT,NOUN
берётся,PUNCT,VERB
свекровь,PUNCT,NOUN
Жени,PUNCT,PROPN
налаживаться,ADP,VERB
1182,NOUN,ADJ
Кнуд,PUNCT,PROPN
Абсалона,PUNCT,PROPN
сильного,PUNCT,ADJ
такому,PUNCT,DET
мальчику,PUNCT,NOUN
и,CCONJ,PART
среднестатистическому,NOUN,ADJ
Табаско,PUNCT,PROPN
были,AUX,VERB
1000000,VERB,NUM
Расположен,VERB,ADJ
верховьев,PUNCT,NOUN
Чусовая,PUNCT,PROPN
Дании,PUNCT,PROPN
кольцевые,NOUN,ADJ
расположены,VERB,ADJ
М25,PUNCT,PROPN
225,NOUN,ADJ
Северк,PUNCT,PROPN
было,AUX,VERB
семнадцать,VERB,NUM
Китаб,PUNCT,X
и,CCONJ,X
Агдас,PUNCT,X
Наисвятая,PUNCT,ADJ
современные,ADP,ADJ
религиозно-духовные,NOUN,ADJ
законы,PUNCT,NOUN
Китаб,PUNCT,X
и,CCONJ,X
Иган,PUNCT,X
несомненности,PUNCT,NOUN
богословский,PUNCT,ADJ
разъясняющий,PUNCT,VERB
символизм,PUNCT,NOUN
Сокровенные,PUNCT,ADJ
Слова,PUNCT,NOUN
сформулированные,PUNCT,VERB
коротких,PUNCT,ADJ
изданных,PUNCT,VERB
Крупицы,PUNCT,NOUN
Бахауллы,PUNCT,PROPN
Скрижали,PUNCT,NOUN
Бахауллы,PUNCT,PROPN
явленные,PUNCT,VERB
Китаб,NOUN,X
и,CCONJ,X
Агдас,PUNCT,X
Желающие,PUNCT,NOUN
пройти,PUNCT,VERB
всё,ADV,PRON
ачивментов,PUNCT,NOUN
собирать,NOUN,VERB
нью-йоркские,PUNCT,ADJ
сувениры,PUNCT,NOUN
интересно,VERB,ADJ
изучать,ADP,VERB
Дэн,PUNCT,PROPN
Питерсон,PUNCT,PROPN
Жидкое,PUNCT,ADJ
небо,PUNCT,NOUN
сформировавших,PUNCT,VERB
корневого,PUNCT,ADJ
также,CCONJ,PART
Objective,PUNCT,X
приступил,PUNCT,VERB
бумагоделательных,NOUN,ADJ
бедренные,ADP,ADJ
Рибера,PUNCT,PROPN
д,ADV,PART
Эбре,PUNCT,PROPN
Готлобер,PUNCT,PROPN
ненужность,ADP,NOUN
повторяющего,PUNCT,VERB
Распространён,PUNCT,VERB
Основал,PUNCT,VERB
Благотворительный,PUNCT,ADJ
фонд,PUNCT,NOUN
Короля,PUNCT,NOUN
Кигели,PUNCT,PROPN
руандийцам,PUNCT,NOUN
Возраст,PUNCT,NOUN
клубная,NOUN,ADJ
заявки,PUNCT,NOUN
18,NUM,ADJ
Покрывало,PUNCT,NOUN
каноэ,PUNCT,NOUN
крючковатое,VERB,ADJ
плоское,VERB,ADJ
жёсткого,NOUN,ADJ
мягко-кожистого,NOUN,ADJ
грязно-белое,PUNCT,ADJ
зеленоватое,PUNCT,ADJ
жёлтое,NOUN,ADJ
Финцелл,PUNCT,PROPN
ЗАО,ADP,NOUN
Илим,PUNCT,PROPN
Палп,PUNCT,PROPN
лесопромышленного,NOUN,ADJ
Треть,PUNCT,NOUN
содержат,PUNCT,VERB
эротические,PUNCT,ADJ
распространённые,ADJ,VERB
Анд,PUNCT,PROPN
Нижние,PUNCT,ADJ
листья,PUNCT,NOUN
кожистые,VERB,ADJ
эллиптические,PUNCT,ADJ
продолговатые,NOUN,ADJ
обратноланцетные,PUNCT,ADJ
Founding,PUNCT,X
Members,PUNCT,X
расширенная,ADP,ADJ
техническая,NOUN,ADJ
Design,PUNCT,X
Alliance,PUNCT,X
24,ADJ,NUM
78,NOUN,NUM
об,ADP,NOUN
Учет,PUNCT,NOUN
экономиста,PUNCT,NOUN
бухгалтерскому,NOUN,ADJ
учету,PUNCT,NOUN
Силы,PUNCT,NOUN
Суллы,PUNCT,PROPN
также,PART,CCONJ
македонцев,VERB,NOUN
римскую,NOUN,ADJ
панамериканских,PUNCT,ADJ
зарождается,PUNCT,VERB
московской,NOUN,ADJ
именно,PART,ADV
кировская,VERB,ADJ
стрит-панк,ADP,NOUN
Магистра,PUNCT,NOUN
бизнес-администрирования,PUNCT,NOUN
Гарвардской,NOUN,ADJ
Эффект,PUNCT,NOUN
притяжения,PUNCT,NOUN
притянутых,PUNCT,VERB
Сократом,ADP,PROPN
Кустарниковые,PUNCT,ADJ
мухоловки,PUNCT,NOUN
воробьиных,PUNCT,ADJ
Австралийские,PUNCT,ADJ
малиновки,PUNCT,NOUN
Кравиц,PUNCT,PROPN
выпустил,PUNCT,VERB
Circus,PUNCT,X
Billboard,NOUN,X
десятого,NOUN,ADJ
наивысшего,PUNCT,ADJ
возглавившим,PUNCT,VERB
чарты,PUNCT,NOUN
Da,PUNCT,X
Гай,PUNCT,PROPN
транслируемые,PUNCT,VERB
французскому,NOUN,ADJ
Мадонна,NOUN,PROPN
Бритни,PUNCT,PROPN
Спирс,PUNCT,PROPN
Daft,PUNCT,X
Punk,PUNCT,X
Моби,NOUN,PROPN
37090,NOUN,NUM
По-видимому,PUNCT,ADV
Разумовскому,NOUN,PROPN
Елизаветы,PUNCT,PROPN
Петровны,PUNCT,PROPN
украинцам,PUNCT,NOUN
гетманства,PUNCT,NOUN
Газпром,PUNCT,PROPN
межрегионгаз,PUNCT,PROPN
природного,PUNCT,ADJ
независимых,NOUN,ADJ
поставщиков,PUNCT,NOUN
Спустя,PUNCT,ADP
Эйлин,PUNCT,PROPN
Диана,PUNCT,PROPN
подала,PUNCT,VERB
Лео,NOUN,PROPN
8-летнего,PUNCT,ADJ
мальчика,PUNCT,NOUN
Сувориным,PUNCT,PROPN
явно,ADP,ADV
антидрейфусарскую,NOUN,ADJ
Алтарный,PUNCT,ADJ
Сан-Бартоломео,PUNCT,PROPN
располагавшейся,PUNCT,VERB
Фондако,PUNCT,PROPN
Тедески,VERB,PROPN
1,NUM,ADJ
временным,ADP,ADJ
занимаемой,NOUN,VERB
произнесения,PUNCT,NOUN
предметом,ADP,NOUN
распространённая,ADJ,VERB
Тем,PRON,DET
Леопольд,PUNCT,PROPN
д,ADV,PART
Артуа,PUNCT,PROPN
заключили,PUNCT,VERB
соглашение,PUNCT,NOUN
Пильницкая,NOUN,ADJ
декларация,PUNCT,NOUN
потребовали,PUNCT,VERB
его,PRON,DET
также,PART,CCONJ
вторжением,ADP,NOUN
отвергнут,PUNCT,VERB
данные,NOUN,ADJ
599,ADP,NUM
296,PUNCT,NUM
303,NOUN,NUM
Кез,PUNCT,PROPN
Кезского,PUNCT,ADJ
Удмуртской,PUNCT,ADJ
Татарстана,PUNCT,PROPN
67836,ADP,NUM
Актриса,PUNCT,NOUN
комбинировать,ADP,VERB
звездой,ADP,NOUN
Рядом,PUNCT,ADV
Мозговое,PUNCT,ADJ
Младшей,NOUN,ADJ
Эдде,PUNCT,PROPN
Тор,NOUN,PROPN
проголодался,PUNCT,VERB
зажарить,ADP,VERB
Твердото́пливный,PUNCT,ADJ
раке́тный,PUNCT,ADJ
дви́гатель,PUNCT,NOUN
РДТТ,PUNCT,PROPN
ракетный,PUNCT,ADJ
твёрдого,PUNCT,ADJ
твёрдое,PUNCT,ADJ
горючее,PUNCT,NOUN
Каждому,PUNCT,DET
Соника,PUNCT,PROPN
посвящены,PUNCT,VERB
причём,CCONJ,SCONJ
Словом,PUNCT,ADV
спор,PUNCT,NOUN
переключились,PUNCT,VERB
глобальные,NOUN,ADJ
философские,PUNCT,ADJ
выяснять,ADP,VERB
прогрессивен,VERB,ADJ
перспективен,NOUN,ADJ
Расцвет,PUNCT,NOUN
детско-юношеского,PUNCT,ADJ
кинообразования,PUNCT,NOUN
любительских,PUNCT,ADJ
кино-,PUNCT,ADV
детского,PUNCT,ADJ
кинотворчества,PUNCT,NOUN
Амадеи,PUNCT,PROPN
однажды,PUNCT,ADV
Тестаккио,NOUN,PROPN
этого,DET,PRON
Амадеи,NOUN,PROPN
разворачивается,PUNCT,VERB
Милиус,PUNCT,PROPN
воздержаться,ADP,VERB
предпочитая,PUNCT,VERB
реализовывать,PUNCT,VERB
механических,PUNCT,ADJ
конструкций,PUNCT,NOUN
Мустафа,PUNCT,PROPN
отборочный,NOUN,ADJ
Исландии,PUNCT,PROPN
завершился,NOUN,VERB
вничью,PUNCT,ADV
1:1,PUNCT,NUM
Юджедаг,PUNCT,PROPN
и,CCONJ,PART
запасным,VERB,ADJ
также,PART,CCONJ
вопросом,VERB,NOUN
деревенские,PUNCT,ADJ
фон,NOUN,PART
Эбнер,PUNCT,PROPN
Эшенбах,PUNCT,PROPN
Анценгрубера,PUNCT,PROPN
Петера,NOUN,PROPN
Розеггера,PUNCT,PROPN
регистрационном,NOUN,ADJ
2313,PUNCT,NUM
Татарстан,PUNCT,PROPN
Правительница,PUNCT,NOUN
Лечхуми,NOUN,PROPN
Омера,PUNCT,PROPN
Лютфи,PUNCT,PROPN
старшей,NOUN,ADJ
ступенью,PUNCT,NOUN
сертификаций,PUNCT,NOUN
Red,PUNCT,X
Hat,PUNCT,X
съёмки,ADP,NOUN
показывать,ADP,VERB
ТНТ,NOUN,PROPN
10,NUM,ADJ
20:30,NOUN,NUM
Средние,NOUN,ADJ
Дании,NOUN,PROPN
скальдов,PUNCT,NOUN
григорианские,ADP,ADJ
Монтемор,PUNCT,PROPN
у,ADP,X
Велью,PUNCT,X
заезда,PUNCT,NOUN
каноэ,PUNCT,NOUN
одиночек,PUNCT,NOUN
юный,PUNCT,ADJ
"0,01",NOUN,NUM
сек,PUNCT,NOUN
опередив,PUNCT,VERB
болгарина,PUNCT,NOUN
Маринова,PUNCT,PROPN
"0,84",NOUN,NUM
сек,PUNCT,NOUN
отстав,PUNCT,VERB
Олафа,PUNCT,PROPN
Хойкродта,PUNCT,PROPN
Самсоновка,PUNCT,PROPN
Ирбейского,PUNCT,ADJ
совхоз,PUNCT,NOUN
Поэтому,SCONJ,ADV
записала,PUNCT,VERB
Питу,PUNCT,PROPN
танцев,PUNCT,NOUN
натрия,PUNCT,NOUN
щелочных,PUNCT,ADJ
резервов,PUNCT,NOUN
развивается,PUNCT,VERB
сильнейший,PUNCT,ADJ
ацидоз,PUNCT,NOUN
ацидоза,PUNCT,NOUN
диакарба,PUNCT,NOUN
прекращается,PUNCT,VERB
"1,64",PUNCT,NUM
Ригобер,PUNCT,PROPN
McFly,NOUN,X
написали,PUNCT,VERB
Foolish,PUNCT,X
Hotel,PUNCT,X
Hill,PUNCT,X
Here,PUNCT,X
Comes,PUNCT,X
Storm,PUNCT,X
Mona,PUNCT,X
Lisa,PUNCT,X
NazTokio,NOUN,X
пока,SCONJ,ADV
подтвержденной,NOUN,VERB
Hotel,PUNCT,X
Hill,PUNCT,X
твиттер,PUNCT,NOUN
этого,DET,PRON
гостиная,NOUN,ADJ
сотня,PUNCT,NOUN
единое,ADP,ADJ
Социалистическая,PUNCT,ADJ
СПУ,PUNCT,PROPN
Соціалістична,PUNCT,ADJ
партія,PUNCT,NOUN
України,PUNCT,PROPN
Жуков,PUNCT,PROPN
заплатил,PUNCT,VERB
дорогую,PUNCT,ADJ
цену,PUNCT,NOUN
Ржевом,NOUN,PROPN
полегли,PUNCT,VERB
811,PUNCT,ADJ
болгары,PUNCT,NOUN
византийской,PUNCT,ADJ
был,AUX,VERB
императорский,VERB,ADJ
Ванин,PUNCT,PROPN
Кусинским,ADP,ADJ
так,ADV,CCONJ
крестьянская,ADP,ADJ
Штюлингена,NOUN,PROPN
550,PUNCT,NUM
то,PRON,ADV
очко,VERB,NOUN
засчитывается,PUNCT,VERB
триплоидов,PUNCT,NOUN
Golden,PUNCT,X
Yellow,PUNCT,X
надбровной,NOUN,ADJ
дугой,PUNCT,NOUN
изгибающийся,ADP,VERB
надглазничный,PUNCT,ADJ
край,PUNCT,NOUN
márgo,PUNCT,X
supraorbitális,PUNCT,X
лобная,VERB,ADJ
чешуи,PUNCT,NOUN
глазничную,NOUN,ADJ
Объектоспособными,PUNCT,ADJ
охраняемыми,PUNCT,VERB
WBL,PUNCT,X
прекратила,PUNCT,VERB
игровая,ADP,ADJ
Блажейовски,PUNCT,PROPN
был,AUX,VERB
птичник,VERB,NOUN
разбит,NOUN,VERB
колхозный,PUNCT,ADJ
священная,ADP,ADJ
Бурхан,PUNCT,PROPN
Халдун,PUNCT,PROPN
Чингисхана,PUNCT,PROPN
Антанты,PUNCT,PROPN
Шантильи,NOUN,PROPN
эстакадная,PUNCT,ADJ
относительно,ADP,ADV
грубый,NOUN,ADJ
выражают,PUNCT,VERB
Сценарий,PUNCT,NOUN
плохой,PUNCT,ADJ
хромают,PUNCT,VERB
актёрская,PUNCT,ADJ
бедная,PUNCT,ADJ
Зена,NOUN,PROPN
преподобного,PUNCT,NOUN
Полярным,NOUN,ADJ
кругом,PUNCT,NOUN
территориально,PUNCT,ADV
Таймырском,NOUN,ADJ
Долгано-Ненецком,PUNCT,ADJ
Красноярского,PUNCT,ADJ
административно,PUNCT,ADV
краевого,PUNCT,ADJ
подчинения,PUNCT,NOUN
По-видимому,PUNCT,ADV
Серранилла,PUNCT,PROPN
Бенк,PUNCT,PROPN
западной,NOUN,ADJ
Окскому,NOUN,ADJ
Упа,PUNCT,PROPN
Бассейны,PUNCT,NOUN
Мокши,PUNCT,PROPN
22,NUM,ADJ
отметился,NOUN,VERB
дублем,PUNCT,NOUN
Используются,PUNCT,VERB
7-ми,PUNCT,NUM
вагонные,PUNCT,ADJ
электрички,PUNCT,NOUN
185,PUNCT,NUM
series,PUNCT,X
вагонные,NOUN,ADJ
489,PUNCT,NUM
series,PUNCT,X
Север,PUNCT,NOUN
квалификацию,ADP,NOUN
фиктивным,ADP,ADJ
Ослад,PUNCT,PROPN
головных,NOUN,ADJ
двухэтажных,NOUN,ADJ
пассажирских,PUNCT,ADJ
Валлония,PUNCT,PROPN
3413978,PUNCT,NUM
"205,1",PUNCT,NUM
чел,PUNCT,NOUN
Евростат,PUNCT,PROPN
2007,ADJ,NUM
Трэйси,PUNCT,PROPN
Поллан,PUNCT,PROPN
Эмми,PUNCT,PROPN
Лучшая,PUNCT,ADJ
приглашённая,PUNCT,VERB
яркое,NOUN,ADJ
Закон,PUNCT,NOUN
Специальный,PUNCT,ADJ
Billboard,PUNCT,X
выше,ADJ,ADV
163,NOUN,ADJ
православному,ADP,ADJ
объединившему,PUNCT,VERB
петербургское,PUNCT,ADJ
казачество,PUNCT,NOUN
именуется,PUNCT,VERB
казачьим,PUNCT,ADJ
Бурды,PUNCT,PROPN
классическое,VERB,ADJ
иледование,ADP,NOUN
Новогригоровки,PUNCT,PROPN
Так,SCONJ,ADV
Богор,VERB,PROPN
Конгресса,PROPN,NOUN
индонезийской,PUNCT,ADJ
Амур,PUNCT,PROPN
названо,NOUN,VERB
поручика,PUNCT,NOUN
Корпуса,PUNCT,NOUN
горных,PUNCT,ADJ
инженеров,PUNCT,NOUN
Аносова,PUNCT,PROPN
возглавлявшего,PUNCT,VERB
Амурскую,PUNCT,ADJ
Золотопоисковую,PUNCT,ADJ
Австрию,NOUN,PROPN
Англичане,PUNCT,NOUN
традиционно,PUNCT,ADV
их,DET,PRON
Gypsies,NOUN,X
Egyptians,NOUN,X
египтяне,PUNCT,NOUN
испанцы,PUNCT,NOUN
Gitanos,PUNCT,X
Egiptanos,NOUN,X
египтяне,PUNCT,NOUN
Bohémiens,PUNCT,X
богемцы,PUNCT,NOUN
чехи,PUNCT,NOUN
Gitans,PUNCT,X
искажённое,PUNCT,VERB
испанское,PUNCT,ADJ
Gitanos,PUNCT,X
Tsiganes,NOUN,X
заимствование,PUNCT,NOUN
τσιγγάνοι,PUNCT,NOUN
цинга́ни,PUNCT,NOUN
немцы,PUNCT,NOUN
Zigeuner,PUNCT,X
итальянцы,PUNCT,NOUN
Zingari,PUNCT,X
Zigeuners,PUNCT,X
венгры,PUNCT,NOUN
Cigány,PUNCT,X
Fáraók,NOUN,X
népe,PUNCT,X
фараоново,PUNCT,ADJ
азербайджанцы,PUNCT,NOUN
qaraçılar,PUNCT,X
грузины,PUNCT,NOUN
ბოშები,PUNCT,NOUN
бошеби,PUNCT,NOUN
Գնչուներ,PUNCT,NOUN
гнчунер,PUNCT,NOUN
боша,PUNCT,NOUN
финны,PUNCT,NOUN
mustalaiset,PUNCT,X
казахи,PUNCT,NOUN
долы,PUNCT,NOUN
сығандар,PUNCT,NOUN
узбеки,PUNCT,NOUN
люли,PUNCT,NOUN
сигонлар,PUNCT,NOUN
баски,PUNCT,NOUN
Erromintxela,PUNCT,X
Ijitoak,PUNCT,X
албанцы,PUNCT,NOUN
Jevgjit,PUNCT,X
египтяне,PUNCT,NOUN
צוענים,PUNCT,NOUN
цо,PUNCT,NOUN
ани́м,PUNCT,NOUN
библейской,PUNCT,ADJ
Цоан,PUNCT,PROPN
Древнем,NOUN,ADJ
персы,PUNCT,NOUN
کولی,PUNCT,NOUN
коли́,PUNCT,NOUN
литовцы,PUNCT,NOUN
Čigonai,PUNCT,NOUN
латыши,PUNCT,NOUN
Čigāni,PUNCT,NOUN
болгары,PUNCT,NOUN
Цигани,PUNCT,NOUN
эстонцы,PUNCT,NOUN
mustlased,PUNCT,X
знаменитый,ADP,ADJ
Румскулльский,NOUN,ADJ
дуб,PUNCT,NOUN
быть,AUX,VERB
славянских,NOUN,ADJ
корень,VERB,NOUN
втор,PUNCT,NOUN
жив,VERB,ADJ
вторником,ADP,NOUN
1335,NOUN,ADJ
1340,PUNCT,ADJ
Кавасила,PUNCT,PROPN
Константинополе,NOUN,PROPN
3,NUM,ADJ
Берриз,PUNCT,PROPN
20-й,NOUN,ADJ
Seishun,PUNCT,X
Bus,PUNCT,X
Guide,PUNCT,X
/,SYM,PUNCT
Rival,NOUN,X
Зима,PUNCT,NOUN
мягкая,PUNCT,ADJ
солнечных,PUNCT,ADJ
270,ADP,NUM
насущными,PUNCT,ADJ
проблемами,PUNCT,NOUN
образованных,PUNCT,ADJ
капитальных,PUNCT,ADJ
Шереметев,PUNCT,PROPN
Вассиан,PUNCT,PROPN
воевода,PUNCT,NOUN
Грозного,NOUN,ADJ
Оптимуса,PUNCT,PROPN
и,PART,CCONJ
Современное,PUNCT,ADJ
колоний,PUNCT,NOUN
этого,PRON,DET
непрерывно,PUNCT,ADV
городском,NOUN,ADJ
ПТУ,PUNCT,NOUN
22,ADJ,NUM
электрик,PUNCT,NOUN
социалистические,NOUN,ADJ
сооружали,PUNCT,VERB
общественными,NOUN,ADJ
учреждениями,PUNCT,NOUN
как,SCONJ,ADP
скотч,PUNCT,NOUN
шотландцем,VERB,NOUN
независимой,PUNCT,ADJ
подписанный,PUNCT,VERB
15,NUM,ADJ
Альборето,PUNCT,PROPN
Патрезе,NOUN,PROPN
Сильверстоуна,PUNCT,PROPN
Нюрбургринга,PUNCT,PROPN
присоединился,PUNCT,VERB
Тео,PUNCT,PROPN
Фаби,PUNCT,PROPN
сочетался,PUNCT,VERB
браком,PUNCT,NOUN
Синтией,NOUN,PROPN
Пауэлл,PUNCT,PROPN
Рядом,PUNCT,ADV
Сталина,PUNCT,PROPN
сдавший,PUNCT,VERB
30,ADJ,NUM
хлопка,PUNCT,NOUN
Азизова,PUNCT,PROPN
Рустами,PUNCT,PROPN
бригадный,PUNCT,ADJ
механик,PUNCT,NOUN
Самаркандской,PUNCT,ADJ
сэкономивший,PUNCT,VERB
горючего,PUNCT,NOUN
5000,PUNCT,NUM
выработавший,NOUN,VERB
Амалбаевой,NOUN,PROPN
Карамахон,PUNCT,PROPN
сборщица,PUNCT,NOUN
колхоза,PUNCT,NOUN
Узгарыш,PUNCT,PROPN
Аимского,PUNCT,ADJ
собравшая,PUNCT,VERB
9200,PUNCT,NUM
хлопка,PUNCT,NOUN
выработавшая,NOUN,VERB
525,PUNCT,NUM
трудодней,PUNCT,NOUN
водная,NOUN,ADJ
артерия,PUNCT,NOUN
Чу,PUNCT,PROPN
седьмым,ADP,ADJ
Марибора,NOUN,PROPN
обескровливание,PUNCT,NOUN
вызванное,PUNCT,VERB
пиявками,PUNCT,NOUN
также,PART,CCONJ
холодных,PUNCT,ADJ
компрессов,PUNCT,NOUN
показанного,NOUN,VERB
ухудшению,ADP,NOUN
огнестрельного,PUNCT,ADJ
остеомиелита,PUNCT,NOUN
Декстер,PUNCT,PROPN
их,DET,PRON
познакомить,NOUN,VERB
Lovers,PUNCT,X
Romance,NOUN,X
Songsters,PUNCT,X
звуковым,PUNCT,ADJ
кантонском,NOUN,ADJ
диалекте,PUNCT,NOUN
Эмуляторы,PUNCT,NOUN
GNU,PUNCT,X
Public,PUNCT,X
License,PUNCT,X
их,PRON,DET
законно,PUNCT,ADJ
определённые,ADP,ADJ
авторскими,NOUN,ADJ
правами,PUNCT,NOUN
локаций,PUNCT,NOUN
квестов,PUNCT,NOUN
"22,56",PUNCT,NUM
"0,508",PUNCT,NUM
Хина,PUNCT,PROPN
описывается,PUNCT,VERB
как,SCONJ,ADP
привлекательная,VERB,ADJ
умная,PUNCT,ADJ
целеустремленная,PUNCT,ADJ
мифологические,NOUN,ADJ
существа,PUNCT,NOUN
6,NUM,ADJ
1900,PUNCT,ADJ
1906,PUNCT,ADJ
198-го,PUNCT,ADJ
Александро-Невского,NOUN,ADJ
Принимает,PUNCT,VERB
АКА,NOUN,PROPN
пр.,PUNCT,NOUN
1204,PUNCT,NUM
ходовая,PUNCT,ADJ
рубка,PUNCT,NOUN
стенки,PUNCT,NOUN
крыша,PUNCT,NOUN
борта,PUNCT,NOUN
броневой,PUNCT,ADJ
пояс,PUNCT,NOUN
8,ADJ,NUM
26,ADJ,NUM
моторного,PUNCT,ADJ
ПТ,NOUN,PROPN
76Б,PUNCT,PROPN
лоб,PUNCT,NOUN
стенки,PUNCT,NOUN
крыша,PUNCT,NOUN
барбет,PUNCT,NOUN
ЗПУ,PUNCT,PROPN
2М,PUNCT,NUM
барбет,PUNCT,NOUN
ЗПУ,PUNCT,PROPN
рекрутский,NOUN,ADJ
Петру,ADP,PROPN
25,ADJ,NUM
пехотных,NOUN,ADJ
кавалерийских,NOUN,ADJ
драгунских,PUNCT,ADJ
Брайан,PUNCT,PROPN
Джонсом,PUNCT,PROPN
сценаристом,ADP,NOUN
Лабиринта,PUNCT,NOUN
Гоблинов,PUNCT,NOUN
Лабиринта,PUNCT,NOUN
также,PART,CCONJ
Лабиринтом,PUNCT,NOUN
лесовладения,PUNCT,NOUN
имеющей,PUNCT,VERB
теперешними,NOUN,ADJ
её,DET,PRON
выше,ADJ,ADV
Шабельников,PUNCT,PROPN
отказались,PUNCT,VERB
операция,ADP,NOUN
48-й,VERB,ADJ
2228,NOUN,NUM
1617,PUNCT,NUM
611,PUNCT,NUM
"72,6",PUNCT,NUM
"71,3",VERB,NUM
Артёма,PUNCT,PROPN
пропускает,PUNCT,VERB
Ванечку,NOUN,PROPN
убивает,PUNCT,VERB
товарищеском,NOUN,ADJ
марокканцы,PUNCT,NOUN
6:73,PUNCT,NUM
Дворец,PUNCT,NOUN
малайского,PUNCT,ADJ
бесстрашием,ADP,NOUN
жёстким,ADP,ADJ
Харьковский,ADP,ADJ
и,CCONJ,PART
Петроградский,NOUN,ADJ
это,PRON,DET
предметом,VERB,NOUN
Морском,PUNCT,ADJ
Отечественных,PUNCT,ADJ
записках,PUNCT,NOUN
поездка,PUNCT,NOUN
Амур,NOUN,PROPN
тонким,NOUN,ADJ
дневным,PUNCT,ADJ
ароматом,PUNCT,NOUN
"3,1",NOUN,NUM
Горьковское,ADP,ADJ
военно-политическое,NOUN,ADJ
Зима,PUNCT,NOUN
среднесуточной,NOUN,ADJ
температурой,PUNCT,NOUN
ниже,ADV,ADP
C,X,NOUN
длится,PUNCT,VERB
Существу,PUNCT,NOUN
Пуджардова,NOUN,PROPN
подразделяется,PUNCT,VERB
возобновлённого,PUNCT,VERB
Ставропольский,PUNCT,ADJ
Владикавказский,NOUN,ADJ
Феофан,PUNCT,PROPN
Ашурков,PUNCT,PROPN
Гороховая,PUNCT,ADJ
колбаса,PUNCT,NOUN
повседневных,NOUN,ADJ
громоздкое,VERB,ADJ
Одомашненные,PUNCT,VERB
животные,PUNCT,NOUN
культивируемые,NOUN,VERB
изменчивости,PUNCT,NOUN
реверсии,PUNCT,NOUN
скрещивания,PUNCT,NOUN
Синникий,PUNCT,PROPN
1,NUM,ADJ
68,PUNCT,ADJ
286,NOUN,ADJ
святой,ADJ,NOUN
Реймса,PUNCT,PROPN
Пармиджанино,PUNCT,PROPN
женский,PUNCT,ADJ
1539,PUNCT,ADJ
Виндзор,PUNCT,PROPN
Придаток,PUNCT,NOUN
сидячий,PUNCT,ADJ
загнутый,PUNCT,ADJ
закрученный,NOUN,ADJ
бледно-зелёный,PUNCT,ADJ
узкоцилиндрический,PUNCT,ADJ
нитевидный,PUNCT,ADJ
голый,PUNCT,ADJ
явиться,ADP,VERB
неясного,PUNCT,ADJ
зова,PUNCT,NOUN
галюцинации,PUNCT,NOUN
стуком,PUNCT,NOUN
Ямок,PUNCT,PROPN
Дедовичском,NOUN,ADJ
Главный,PUNCT,ADJ
промысел,PUNCT,NOUN
яицких,PUNCT,ADJ
рыбной,NOUN,ADJ
ловле,PUNCT,NOUN
нигде,VERB,ADV
как,SCONJ,ADP
здешнем,NOUN,ADJ
Паллас,PUNCT,PROPN
Учёные,PUNCT,NOUN
датируют,PUNCT,VERB
Упанишаду,NOUN,PROPN
определённое,PUNCT,ADJ
стрел,PUNCT,NOUN
Лаврентьева,PUNCT,PROPN
БДТ,NOUN,PROPN
Костомарове,PUNCT,PROPN
16,NUM,ADJ
того,PRON,DET
Харатона,PUNCT,PROPN
как,SCONJ,ADP
делается,PUNCT,VERB
том,DET,PRON
правителем,VERB,NOUN
Гуннской,PUNCT,ADJ
державы,PUNCT,NOUN
объединившим,PUNCT,VERB
410-е,NOUN,ADJ
гуннов,PUNCT,NOUN
проживавшие,PUNCT,VERB
Дуная,NOUN,PROPN
заложника,PUNCT,NOUN
защитить,PUNCT,VERB
объединиться,PUNCT,VERB
общем,ADJ,NOUN
стокгольмских,NOUN,ADJ
давших,PUNCT,VERB
синдрому,PUNCT,NOUN
заложника,PUNCT,NOUN
стекла,PUNCT,NOUN
было,AUX,VERB
как,SCONJ,ADP
и,CCONJ,PART
старым,NOUN,ADJ
Бальга,PUNCT,PROPN
рыцарской,NOUN,ADJ
архитектуры,PUNCT,NOUN
кирпичной,PUNCT,ADJ
готики,PUNCT,NOUN
основала,PUNCT,VERB
возглавила,NOUN,VERB
образцовую,PUNCT,ADJ
эстрадного,PUNCT,ADJ
пения,PUNCT,NOUN
ЮМЭ,PUNCT,PROPN
С,ADP,X
эстрады,PUNCT,NOUN
городском,NOUN,ADJ
Дворце,PUNCT,NOUN
Мозыря,PUNCT,PROPN
Дикс,PUNCT,PROPN
урождённый,PUNCT,ADJ
Эрнст,PUNCT,PROPN
Карлтон,PUNCT,PROPN
Бриммер,PUNCT,PROPN
18,NUM,ADJ
Сент-Поле,NOUN,PROPN
Миннесота,PUNCT,PROPN
застройки,PUNCT,NOUN
26,ADJ,NUM
29,ADJ,NUM
Соловейчик,PUNCT,PROPN
оправданным,ADP,VERB
уверены,VERB,ADJ
филогенетическим,NOUN,ADJ
данных,NOUN,ADJ
Эль,NOUN,PROPN
Кольядо,PUNCT,PROPN
вратарь,PUNCT,NOUN
сорок,PUNCT,NUM
Девушка,PUNCT,NOUN
ждала,PUNCT,VERB
30,ADJ,NUM
31.52,PUNCT,NUM
разрабатываются,PUNCT,VERB
реакторные,PUNCT,ADJ
СВБР,NOUN,PROPN
мощностей,PUNCT,NOUN
эл,PUNCT,ADJ
содержат,PUNCT,VERB
экономические,NOUN,ADJ
оборонные,PUNCT,ADJ
ресурсные,PUNCT,ADJ
правовые,NOUN,ADJ
54,NUM,ADJ
кажущееся,NOUN,VERB
подчинение,PUNCT,NOUN
галльских,NOUN,ADJ
Алфёрове,NOUN,PROPN
действовала,PUNCT,VERB
земская,PUNCT,ADJ
Почётные,PUNCT,ADJ
титулы,PUNCT,NOUN
хитаб,PUNCT,NOUN
Матье,PUNCT,PROPN
Лангедоке,NOUN,PROPN
берлинец,PUNCT,NOUN
Ich,PUNCT,X
bin,PUNCT,X
Berliner,PUNCT,X
берлинский,PUNCT,ADJ
пончик,PUNCT,NOUN
Ich,PUNCT,X
bin,PUNCT,X
ein,PUNCT,X
Berliner,PUNCT,X
чем,SCONJ,PRON
смех,ADP,NOUN
Рейкьявике,NOUN,PROPN
Бате,PUNCT,PROPN
Сомерсет,PUNCT,PROPN
Ля,NOUN,PROPN
Рошели,PUNCT,PROPN
подобных,PUNCT,ADJ
Дней,PUNCT,NOUN
Free,PUNCT,X
Days,PUNCT,X
Мирское,PUNCT,ADJ
Марьяновка,PUNCT,PROPN
4-х,NOUN,NUM
Новомлиновка,PUNCT,PROPN
Розовский,PUNCT,ADJ
Серге́й,PUNCT,PROPN
Евге́ньевич,PUNCT,PROPN
Супо́нев,PUNCT,PROPN
28,NUM,ADJ
8,NUM,ADJ
Едимоново,PUNCT,PROPN
Тверская,PUNCT,ADJ
дирекции,PUNCT,NOUN
ОРТ,PUNCT,PROPN
1834,NOUN,ADJ
было,AUX,VERB
239,VERB,NUM
20753,PUNCT,NUM
рассчитано,PUNCT,VERB
показана,PUNCT,VERB
выражавшаяся,PUNCT,VERB
рабочих,ADJ,NOUN
субсидиях,PUNCT,NOUN
большевистской,PUNCT,ADJ
Ирину,NOUN,PROPN
пал,PUNCT,VERB
Владимиру,NOUN,PROPN
Высоцкому,PUNCT,PROPN
сниматься,ADP,VERB
Вершины,PUNCT,NOUN
нечётных,PUNCT,ADJ
степеней,PUNCT,NOUN
нечётными,ADP,ADJ
нечётными,NOUN,ADJ
вершинами,PUNCT,NOUN
быть,AUX,VERB
вещественных,VERB,ADJ
отвлекающих,PUNCT,VERB
великой,NOUN,ADJ
мудрости,PUNCT,NOUN
скрябинского,PUNCT,ADJ
вдохновения,PUNCT,NOUN
Ежи,PUNCT,PROPN
Себастьян,PUNCT,PROPN
Любомирский,PUNCT,PROPN
осаждать,ADP,VERB
Ленчицу,NOUN,PROPN
советскими,PUNCT,ADJ
Константина,PUNCT,PROPN
Пятса,PUNCT,PROPN
Плетнёва,PUNCT,PROPN
войдёт,PUNCT,VERB
закулисных,PUNCT,ADJ
Обыкновенно,PUNCT,ADV
даосизм,ADP,NOUN
как,ADV,ADP
философской,PUNCT,ADJ
дао,PUNCT,NOUN
цзя,PUNCT,NOUN
дао,PUNCT,NOUN
цзяо,PUNCT,NOUN
это,PRON,DET
деление,VERB,NOUN
условно,ADV,ADJ
Так,SCONJ,ADV
оренбургских,NOUN,ADJ
общинным,PUNCT,ADJ
правом,ADJ,NOUN
регулировался,NOUN,VERB
рыбный,PUNCT,ADJ
промысел,PUNCT,NOUN
генома,PUNCT,NOUN
H.,PUNCT,X
pylori,PUNCT,X
ведётся,PUNCT,VERB
улучшить,PUNCT,VERB
патогенеза,PUNCT,NOUN
гастритов,PUNCT,NOUN
язвенной,NOUN,ADJ
причин,PUNCT,NOUN
вызывать,PUNCT,VERB
заболевание,PUNCT,NOUN
геосинклинальные,NOUN,ADJ
складчатых,PUNCT,ADJ
платформенные,NOUN,ADJ
Данная,PUNCT,ADJ
Надо,PUNCT,VERB
такому,VERB,DET
случиться,ADP,VERB
отнюдь,NOUN,ADV
негостеприимные,PUNCT,ADJ
обыграли,PUNCT,VERB
12:6,PUNCT,NUM
живописный,PUNCT,ADJ
пруд,PUNCT,NOUN
Тридцатилетней,PUNCT,ADJ
Фердинанд,PUNCT,PROPN
прибег,NOUN,VERB
профессиональной,PUNCT,ADJ
Валленштейна,PUNCT,PROPN
контрибуций,PUNCT,NOUN
Вселенной,PUNCT,NOUN
Дюны,PUNCT,PROPN
Надевать,PUNCT,VERB
забыть,ADP,VERB
Кольцо,VERB,NOUN
Грачёва,PUNCT,PROPN
контртеррористическая,PUNCT,ADJ
операция,PUNCT,NOUN
пресечения,PUNCT,NOUN
незаконных,PUNCT,ADJ
вооруженных,PUNCT,ADJ
формирований,PUNCT,NOUN
внесла,PUNCT,VERB
серьезный,PUNCT,ADJ
и,CCONJ,PART
сложившейся,PUNCT,VERB
экологической,PUNCT,ADJ
обстановки,PUNCT,NOUN
Частный,PUNCT,ADJ
POST,X,PROPN
RFC,NOUN,X
2616,PUNCT,NUM
POST,X,PROPN
любого,NOUN,DET
контекста,PUNCT,NOUN
идемпотентен,VERB,ADJ
изменение,ADP,NOUN
сервера,PUNCT,NOUN
как,ADP,ADV
комментария,PUNCT,NOUN
24,NUM,ADJ
ФЗ,PUNCT,NOUN
федеральном,NOUN,ADJ
бюджете,PUNCT,NOUN
плановый,NOUN,ADJ
параметры,ADP,NOUN
аналогичны,PUNCT,ADJ
присуждения,PUNCT,NOUN
журналистское,NOUN,ADJ
1,NUM,ADJ
любого,PUNCT,DET
обязательно,VERB,ADV
являющегося,ADP,VERB
2,NUM,ADJ
Березниковского,PUNCT,ADJ
Форума,PUNCT,NOUN
Родезийский,PUNCT,ADJ
ископаемой,PUNCT,ADJ
разновидности,PUNCT,NOUN
чьи,PUNCT,DET
Брокен,PUNCT,X
Родезии,NOUN,PROPN
Кабве,PUNCT,PROPN
Замбии,NOUN,PROPN
Необходимое,PUNCT,ADJ
снаряжение,PUNCT,NOUN
спасли,PUNCT,VERB
Hummel,PUNCT,X
хумель,PUNCT,NOUN
шмель,PUNCT,NOUN
датская,PUNCT,ADJ
одежды,PUNCT,NOUN
Исключительно,PUNCT,ADV
липосарком,PUNCT,NOUN
как,SCONJ,ADV
одиночных,NOUN,ADJ
так,SCONJ,ADV
Монмартре,NOUN,PROPN
Михалков,PUNCT,PROPN
Транспорт,PUNCT,NOUN
Новокузнецк,PUNCT,PROPN
Ахпун,PUNCT,PROPN
Новокузнецк,PUNCT,PROPN
Тенеш,PUNCT,PROPN
Кемерово,PUNCT,PROPN
Таштагол,PUNCT,PROPN
Таштагол,NOUN,PROPN
Новокузнецк,PUNCT,PROPN
Кемерово,PUNCT,PROPN
Анджерио,VERB,PROPN
приобретения,PUNCT,NOUN
1993,ADJ,NUM
/,SYM,PUNCT
думской,PUNCT,ADJ
Пехтин,PUNCT,PROPN
факта,PUNCT,NOUN
Михеевым,PUNCT,PROPN
Ростовской,VERB,ADJ
842,ADP,NUM
Марла,PUNCT,PROPN
календарь,PUNCT,NOUN
лугово-восточного,PUNCT,ADJ
марийского,PUNCT,ADJ
Швиц,PUNCT,PROPN
Рикенбах,PUNCT,PROPN
Ибах,PUNCT,PROPN
Зеевен,PUNCT,PROPN
дебют,ADP,NOUN
Бобби,NOUN,PROPN
Джентри,PUNCT,PROPN
сингл,PUNCT,NOUN
Ode,PUNCT,X
Stranger,PUNCT,X
Mirror,PUNCT,X
Джоди,NOUN,PROPN
Рейнольдс,PUNCT,PROPN
исполнительницей,PUNCT,NOUN
рокабилли,PUNCT,NOUN
33883,PUNCT,NUM
Внутри,PUNCT,ADP
жили,PUNCT,VERB
коренные,PUNCT,ADJ
станичники,PUNCT,NOUN
пришлые,PUNCT,ADJ
Ковиде,PUNCT,PROPN
фрегезия,PUNCT,NOUN
Брага,PUNCT,PROPN
Рушди,NOUN,PROPN
Кихией,PUNCT,PROPN
Халебе,NOUN,PROPN
Буроголовый,PUNCT,ADJ
коровий,PUNCT,ADJ
трупиал,PUNCT,NOUN
это,PRON,PART
гнездовой,VERB,ADJ
паразит,ADP,NOUN
маленьких,NOUN,ADJ
певчих,PUNCT,ADJ
чашеобразные,NOUN,ADJ
гнёзда,PUNCT,NOUN
как,ADP,SCONJ
жёлтой,NOUN,ADJ
древесницы,PUNCT,NOUN
Симферопольскому,NOUN,ADJ
уезду,PUNCT,NOUN
Таврической,PUNCT,ADJ
Вязьма,PUNCT,PROPN
чистая,VERB,ADJ
птицефабрики,PUNCT,NOUN
Лесная,PUNCT,ADJ
Боровое,PUNCT,ADJ
загрязнена,NOUN,VERB
Уагадугу,PUNCT,PROPN
молодёжный,NOUN,ADJ
школьные,PUNCT,ADJ
продлённого,PUNCT,ADJ
Matter,PUNCT,X
Life,PUNCT,X
And,PUNCT,X
Death,PUNCT,X
исполнялся,PUNCT,VERB
учитывать,NOUN,VERB
учащегося,PUNCT,NOUN
преподавания,PUNCT,NOUN
осуждал,PUNCT,VERB
общепринятые,PUNCT,ADJ
Талмуда,PUNCT,PROPN
одобрительно,NOUN,ADV
высказывался,PUNCT,VERB
иудаизма,PUNCT,NOUN
моллюск,PUNCT,NOUN
молниеносно,PUNCT,ADV
бросается,PUNCT,VERB
Rosa,PUNCT,X
odorata,PUNCT,X
открыл,PUNCT,VERB
Ост-Индской,NOUN,ADJ
1808,NOUN,ADJ
Кантоне,NOUN,PROPN
их,DET,PRON
сэру,PUNCT,NOUN
Abraham,PUNCT,X
Hume,PUNCT,X
их,DET,PRON
Hume&#39;&#39;s,PUNCT,X
Blush,PUNCT,X
леди,PUNCT,NOUN
Amelia,PUNCT,X
Hume,PUNCT,X
дисперсных,PUNCT,ADJ
мази,PUNCT,NOUN
подразделяют,PUNCT,VERB
гомогенные,NOUN,ADJ
сплавы,PUNCT,NOUN
растворы,PUNCT,NOUN
суспензионные,PUNCT,ADJ
эмульсионные,PUNCT,ADJ
консистентных,NOUN,ADJ
мази,VERB,NOUN
гели,PUNCT,NOUN
линименты,PUNCT,NOUN
пасты,PUNCT,NOUN
Реутово,PUNCT,PROPN
подмосковном,NOUN,ADJ
Реутове,PUNCT,PROPN
Реутово,PUNCT,PROPN
Мату,X,PROPN
Гросу,X,PROPN
несёт,PUNCT,VERB
1566,PUNCT,NUM
Гёйгёль,PUNCT,PROPN
Аджикенд,NOUN,PROPN
всемирно,PUNCT,ADV
лечебно-оздоровительный,NOUN,ADJ
Нафталан,PUNCT,PROPN
очистке,ADP,NOUN
и,PART,CCONJ
промывке,VERB,NOUN
Верхнюю,PUNCT,ADJ
западной,NOUN,ADJ
традиционно,PUNCT,ADV
Ромула,PUNCT,PROPN
476,PUNCT,ADJ
готов,ADJ,NOUN
Теодориха,NOUN,PROPN
Италию,NOUN,PROPN
568,NUM,ADJ
Назарий,PUNCT,PROPN
Краевский,PUNCT,PROPN
генерал-поручиком,VERB,NOUN
смоленской,ADP,ADJ
1686,PUNCT,ADJ
Деньги,PUNCT,NOUN
достигала,PUNCT,VERB
богадельни,PUNCT,NOUN
священники,PUNCT,NOUN
приступили,PUNCT,VERB
Коломенскому,NOUN,ADJ
Сергию,PUNCT,PROPN
Прихожанин,PUNCT,NOUN
Святаго,PUNCT,ADJ
Предтечи,PUNCT,PROPN
Преснею,NOUN,PROPN
Рогожской,PUNCT,ADJ
слободы,PUNCT,NOUN
ямщик,PUNCT,NOUN
Напалков,PUNCT,PROPN
изъявил,PUNCT,VERB
каменную,ADP,ADJ
означенной,NOUN,ADJ
паперти,PUNCT,NOUN
трапезы,PUNCT,NOUN
ризницы,PUNCT,NOUN
современников,PUNCT,NOUN
Эбер,NOUN,PROPN
противоположен,VERB,ADJ
образам,ADP,NOUN
создаваемым,PUNCT,VERB
развивается,PUNCT,VERB
склерозирующий,PUNCT,ADJ
кератит,PUNCT,NOUN
что,SCONJ,DET
и,CCONJ,PART
ведёт,NOUN,VERB
Лебёдка,PUNCT,NOUN
тянет,PUNCT,VERB
1600,PUNCT,NUM
метровый,PUNCT,ADJ
трос,PUNCT,NOUN
сделанный,PUNCT,VERB
стального,NOUN,ADJ
синтетического,NOUN,ADJ
волокна,PUNCT,NOUN
прикреплённый,PUNCT,VERB
Чеховском,NOUN,ADJ
уделяется,PUNCT,VERB
физической,PUNCT,ADJ
коннективизма,PUNCT,NOUN
искусственном,NOUN,ADJ
интеллекте,PUNCT,NOUN
интересны,PUNCT,ADJ
агенты,ADP,NOUN
способны,VERB,ADJ
развиваться,NOUN,VERB
Литлтоне,NOUN,PROPN
образует,PUNCT,VERB
Чатфилд,PUNCT,PROPN
питьевой,PUNCT,ADJ
Денвера,PUNCT,PROPN
3813,ADP,NUM
староства,PUNCT,NOUN
болота,ADP,NOUN
Моркишкю,PUNCT,PROPN
Шилишкю,PUNCT,PROPN
Паэжерио,NOUN,PROPN
составляющих,NOUN,VERB
Провинциальные,PUNCT,ADJ
анекдоты,PUNCT,NOUN
Ангара,PUNCT,PROPN
Случай,PUNCT,NOUN
Репертуар,PUNCT,NOUN
М.,PUNCT,PROPN
Механизмы,PUNCT,NOUN
аутентификации,PUNCT,NOUN
гарантируют,PUNCT,VERB
добросовестным,VERB,ADJ
абонентам,ADP,NOUN
обладающим,PUNCT,VERB
добросовестным,PUNCT,ADJ
оборудованием,PUNCT,NOUN
нестандартным,NOUN,ADJ
417,ADP,NUM
946,ADP,NUM
Ерыклы,PUNCT,PROPN
Зиреклы,PUNCT,PROPN
Новошешминском,NOUN,ADJ
Татарстан,PUNCT,PROPN
Госвоенкино,PUNCT,PROPN
многотомном,NOUN,ADJ
энциклопедическом,PUNCT,ADJ
Художники,PUNCT,NOUN
Лучшая,PUNCT,ADJ
нападающая,PUNCT,NOUN
Манон,PUNCT,PROPN
Флир,PUNCT,PROPN
Скаволини,PUNCT,PROPN
роком,ADP,NOUN
атомным,NOUN,ADJ
энергетическим,PUNCT,ADJ
установкам,PUNCT,NOUN
Борисов,PUNCT,PROPN
FW08,NOUN,X
Епархия,PUNCT,NOUN
Прешова,PUNCT,PROPN
Закона,PUNCT,NOUN
Указ,PUNCT,NOUN
15,NUM,ADJ
Железнодорожное,PUNCT,ADJ
космологическим,NOUN,ADJ
реликтовое,PUNCT,ADJ
излучение,PUNCT,NOUN
рассматривается,PUNCT,VERB
как,SCONJ,ADP
одно,DET,NUM
как,SCONJ,ADP
спортивном,NOUN,ADJ
финальный,NOUN,ADJ
раунд,PUNCT,NOUN
это,PRON,DET
духовенство,VERB,NOUN
помогло,ADP,VERB
Хакону,NOUN,PROPN
покорить,PUNCT,VERB
Исландию,NOUN,PROPN
Гренландию,NOUN,PROPN
WebCite,PUNCT,X
также,CCONJ,PART
архивирует,NOUN,VERB
метаданные,PUNCT,NOUN
архивируемых,NOUN,VERB
ресурсах,PUNCT,NOUN
MIME,PUNCT,X
контента,PUNCT,NOUN
этом,PRON,DET
Каташ,PUNCT,PROPN
17,ADJ,NUM
трёхочковый,NOUN,ADJ
бросок,PUNCT,NOUN
предопределил,PUNCT,VERB
входило,PUNCT,VERB
совершался,PUNCT,VERB
Пресвятой,NOUN,ADJ
Богородице,PUNCT,PROPN
соединенный,PUNCT,VERB
Крутой,ADJ,PROPN
теоретический,NOUN,ADJ
Кировоградского,PUNCT,ADJ
Владимировна,PUNCT,PROPN
Макеева,PUNCT,PROPN
линейная,PUNCT,NOUN
волгоградского,NOUN,ADJ
Динамо,PROPN,NOUN
Поповка,PUNCT,PROPN
Дело,PUNCT,NOUN
том,DET,PRON
договорных,PUNCT,ADJ
стартовал,PUNCT,VERB
минус,PUNCT,NOUN
Очки,PUNCT,NOUN
Петербургское,ADP,ADJ
коммерческое,NOUN,ADJ
бухгалтером,ADP,NOUN
Ужанье,PUNCT,PROPN
Ужица,PUNCT,PROPN
Усвяты,PUNCT,PROPN
комедийных,PUNCT,ADJ
ImaginAsianTV,PUNCT,X
Возбудители,PUNCT,NOUN
стрептококки,PUNCT,NOUN
стафилококки,PUNCT,NOUN
кишечная,PUNCT,ADJ
палочка,PUNCT,NOUN
др.,ADJ,NOUN
проникают,PUNCT,VERB
межтканевых,NOUN,ADJ
щелей,PUNCT,NOUN
воспалённой,PUNCT,VERB
отводящие,NOUN,VERB
поверхностные,PUNCT,ADJ
и,CCONJ,PART
глубокие,NOUN,ADJ
лимфатические,PUNCT,ADJ
сосуды,PUNCT,NOUN
Выступает,PUNCT,VERB
Выходя,PUNCT,VERB
навстречу,ADP,ADV
объединённым,PUNCT,VERB
Жод,PUNCT,PROPN
Jaude,PUNCT,X
полетели,PUNCT,VERB
ускользнуть,NOUN,VERB
Карпов,PUNCT,PROPN
Прикарпатском,NOUN,ADJ
мотоциклетным,ADP,ADJ
73-го,PUNCT,ADJ
гвардейского,PUNCT,ADJ
разведывательного,NOUN,ADJ
128-й,PUNCT,ADJ
38-й,PUNCT,ADJ
неравенство,VERB,NOUN
исходило,PUNCT,VERB
характерно,VERB,ADJ
авраамических,NOUN,ADJ
Ага,PUNCT,PROPN
Мохаммед,PUNCT,PROPN
Каджар,PUNCT,PROPN
разорвать,ADP,VERB
союзный,NOUN,ADJ
Георгиевский,PUNCT,ADJ
Картли,NOUN,PROPN
Кахетинским,PUNCT,ADJ
царством,PUNCT,NOUN
ректор,PUNCT,NOUN
Таганрогского,PUNCT,ADJ
Лебедева,PUNCT,PROPN
Кумача,PUNCT,PROPN
подала,PUNCT,VERB
Мещанский,NOUN,ADJ
межмуниципальный,PUNCT,ADJ
чикано,PUNCT,NOUN
мексиканцев,PUNCT,NOUN
California,PUNCT,X
State,PUNCT,X
Northridge,PUNCT,X
голых,NOUN,ADJ
пиков,PUNCT,NOUN
дремучим,ADP,ADJ
1817-1818,NOUN,ADJ
злоупотреблений,PUNCT,NOUN
закупок,PUNCT,NOUN
продовольствия,PUNCT,NOUN
управляющего,PUNCT,VERB
Военным,PUNCT,ADJ
министерством,PUNCT,NOUN
Горчакова,PUNCT,PROPN
неторопливо,PUNCT,ADV
разговаривающим,PUNCT,VERB
заранее,ADP,ADV
неожиданными,NOUN,ADJ
импровизациями,PUNCT,NOUN
33750,PUNCT,NUM
как,ADP,ADV
14375,PUNCT,NUM
Вокруг,ADP,ADV
Будёновское,PUNCT,ADJ
урочище,PUNCT,NOUN
